Distribuidora;Codigo;Descripcion;Margen
ARNOIA;O42;(508) SUPERMEMO WORLD;0.00
ARNOIA;M78;100 LUZ EDIÇOES;0.00
ARNOIA;J86;1001;0.00
ARNOIA;Q19;11X17 EDITORA;0.00
ARNOIA;B71;12 BIS;0.00
ARNOIA;H51;2.0 EDITORA;0.00
ARNOIA;A68;3I4 EDICIONS;0.00
ARNOIA;141;451 EDITORES;0.00
ARNOIA;X11;4M;0.00
ARNOIA;D33;66RPM;0.00
ARNOIA;I33;66RPM (CATALAN);0.00
ARNOIA;983;A BUEN PASO;0.00
ARNOIA;M77;A ESFERA DOS LIVROS;0.00
ARNOIA;450;A RULA;0.00
ARNOIA;L43;A.C. CALDEIRON;0.00
ARNOIA;826;A.C.AMIGOS REAL BANDA GAITAS;0.00
ARNOIA;890;AACHE;0.00
ARNOIA;523;ABACUS;0.00
ARNOIA;K73;ABACUS;0.00
ARNOIA;280;ABADA EDITORES;0.00
ARNOIA;E77;ABADIA DE MONTSERRAT;0.00
ARNOIA;I75;ABRIL PRODIDACTA;0.00
ARNOIA;G23;ACADEMIA DEL HISPANO;0.00
ARNOIA;K45;ACADEMIC PRESS;0.00
ARNOIA;831;ACANTILADO EDITORIAL;0.00
ARNOIA;K23;ACANTO;0.00
ARNOIA;B56;ACCENT;0.00
ARNOIA;J27;ACCID;0.00
ARNOIA;343;ACENTO;0.00
ARNOIA;L73;ACONCAGUA;0.00
ARNOIA;A70;ACONTRAVENT;0.00
ARNOIA;C17;ACONTRAVENT;0.00
ARNOIA;C72;ACRIBIA;0.00
ARNOIA;D93;ACTAR;0.00
ARNOIA;B77;ACTAS;0.00
ARNOIA;O67;ACTES SUD;0.00
ARNOIA;512;ACUARELA;0.00
ARNOIA;G69;ACV EDICIONS (CATALAN);0.00
ARNOIA;333;ACV EDITORIAL;0.00
ARNOIA;419;ADDISON WESLEY;0.00
ARNOIA;P61;ADDITIO;0.00
ARNOIA;F76;ADELPHI;0.00
ARNOIA;B57;ADESIARA;0.00
ARNOIA;G13;ADG;0.00
ARNOIA;J63;ADGE LLIBRES;0.00
ARNOIA;E41;ADHARA;0.00
ARNOIA;I63;ADONAY;0.00
ARNOIA;585;ADRIANA HIDALTO, EDITORIAL;0.00
ARNOIA;C67;AECA;0.00
ARNOIA;395;AENOR;0.00
ARNOIA;M88;AFRONTAMENTO;0.00
ARNOIA;J67;AGENCIA JOYCE;0.00
ARNOIA;F19;AGORA RELACIONAL;0.00
ARNOIA;C61;AGRUPARTE;0.00
ARNOIA;4;AGUACLARA;0.00
ARNOIA;D85;AGUALARGA EDITORES;0.00
ARNOIA;338;AGUILAR;0.00
ARNOIA;565;AHEAD BOOKS;0.00
ARNOIA;G50;AIZKORRI;0.00
ARNOIA;A71;AJUNTAMENT;0.00
ARNOIA;166;AKAL;0.00
ARNOIA;I80;AL  -ANDALUS Y MEDITERRANEO;0.00
ARNOIA;G26;AL POSTE EDICIONES;0.00
ARNOIA;Y02;ALAMEDA;0.00
ARNOIA;396;ALAMUT;0.00
ARNOIA;B49;ALARCON EDITORIAL;0.00
ARNOIA;J73;ALAS EDITORIAL;0.00
ARNOIA;532;ALBA;0.00
ARNOIA;J38;ALBERDANIA;0.00
ARNOIA;M04;ALBERDI EDICIONES;0.00
ARNOIA;A96;ALBERTI EDITOR;0.00
ARNOIA;L52;ALBERTO SANTOS;0.00
ARNOIA;M08;ALBIN MICHEL;0.00
ARNOIA;F57;ALBUJAIRA;0.00
ARNOIA;564;ALCALA GRUPO EDITORIAL;0.00
ARNOIA;O89;ALDEVARA;0.00
ARNOIA;A24;ALEA;0.00
ARNOIA;Q46;ALEGORIA;0.00
ARNOIA;O73;ALENTIA;0.00
ARNOIA;D35;ALENTO;0.00
ARNOIA;M90;ALETHEIA PORTUGAL;0.00
ARNOIA;F49;ALEVOSIA;0.00
ARNOIA;X13;ALEX;0.00
ARNOIA;J40;ALFA CENTAURO;0.00
ARNOIA;840;ALFA SUR;0.00
ARNOIA;862;ALFABIA;0.00
ARNOIA;441;ALFAGUARA;0.00
ARNOIA;L67;ALFAGUARA;0.00
ARNOIA;Q29;ALFAGUARA PORTUGAL;0.00
ARNOIA;A52;ALFAMA;0.00
ARNOIA;H09;ALFAQUEQUE;0.00
ARNOIA;J22;ALFAR EDICIONES;0.00
ARNOIA;E99;ALFAZETA;0.00
ARNOIA;O95;ALFONSIPOLIS;0.00
ARNOIA;228;ALGABA EDICIONES;0.00
ARNOIA;38;ALGAIDA;0.00
ARNOIA;B85;ALGAR EDITORIAL;0.00
ARNOIA;992;ALGON;0.00
ARNOIA;19;ALHAMBRA;0.00
ARNOIA;155;ALHENA MEDIA;0.00
ARNOIA;B05;ALHUCEMA;0.00
ARNOIA;M34;ALHULIA;0.00
ARNOIA;23;ALIANZA;0.00
ARNOIA;800;ALIENTA;0.00
ARNOIA;A72;ALISIS;0.00
ARNOIA;L97;ALISIS;0.00
ARNOIA;E12;ALJIBE;0.00
ARNOIA;650;ALMA EDIZIONI;0.00
ARNOIA;385;ALMADRABA;0.00
ARNOIA;B38;ALMADRABA;0.00
ARNOIA;J06;ALMED;0.00
ARNOIA;I42;ALMED;0.00
ARNOIA;M75;ALMEDINA EDIÇOES;0.00
ARNOIA;J03;ALMENA;0.00
ARNOIA;E15;ALMENDRO CORDOBA;0.00
ARNOIA;835;ALMUZARA EDITORIAL;0.00
ARNOIA;I97;ALONSO;0.00
ARNOIA;C14;ALPHA;0.00
ARNOIA;154;ALPHA DECAY;0.00
ARNOIA;P32;ALPINO;0.00
ARNOIA;Q01;ALPUERTO EDITORIAL;0.00
ARNOIA;G28;ALQUERIA EDITORIAL;0.00
ARNOIA;H57;ALREVES;0.00
ARNOIA;A37;ALREVES;0.00
ARNOIA;R17;ALTAFULLA;0.00
ARNOIA;G20;ALTAIR;0.00
ARNOIA;L32;ALTAL EDITIONS;0.00
ARNOIA;I71;ALTAMAR EDITORIAL;0.00
ARNOIA;K78;ALTARIA;0.00
ARNOIA;106;ALTAYA;0.00
ARNOIA;316;ALTEA;0.00
ARNOIA;769;ALTERA;0.00
ARNOIA;Q48;ALUPA EDITORIAL;0.00
ARNOIA;737;ALVARELLOS EDITORA;0.00
ARNOIA;H30;AMAG;0.00
ARNOIA;Q77;AMALTEA;0.00
ARNOIA;755;AMARANTO EDITORES, S.L.;0.00
ARNOIA;D67;AMARES;0.00
ARNOIA;E03;AMARGOD;0.00
ARNOIA;E97;AMARU;0.00
ARNOIA;681;AMAT;0.00
ARNOIA;D41;AMAT CATALAN;0.00
ARNOIA;O88;AMATISTA;0.00
ARNOIA;246;AMBAR EDICIONES, S.L;0.00
ARNOIA;G80;AMBIT SERVEIS EDITORIALS;0.00
ARNOIA;E56;AMBOS MUNDOS;0.00
ARNOIA;E87;AMBULANTES;0.00
ARNOIA;941;AMORRORTU;0.00
ARNOIA;M38;AMS DIET CLUB;0.00
ARNOIA;H58;AMSTERDAM;0.00
ARNOIA;A73;AMSTERDAM;0.00
ARNOIA;B34;AMV;0.00
ARNOIA;K68;AMYRIS EDICIONES;0.00
ARNOIA;Y21;AMYRIS EDICIONES;0.00
ARNOIA;447;ANAGRAMA;0.00
ARNOIA;M25;ANALCA EDICIONES;0.00
ARNOIA;J25;ANANDA EDICIONES;0.00
ARNOIA;3;ANAYA;0.00
ARNOIA;D24;ANAYA HARITZA;0.00
ARNOIA;499;ANAYA MULTIMEDIA;0.00
ARNOIA;R02;ANCORA EDITORA;0.00
ARNOIA;J69;ANDANA;0.00
ARNOIA;M47;ANDANTE PROD.CULTURALES;0.00
ARNOIA;E65;ANDAVIRA;0.00
ARNOIA;B43;ANGLE;0.00
ARNOIA;D88;ANGLE;0.00
ARNOIA;740;ANGLO DIDACTICA;0.00
ARNOIA;B86;ANIMALLIBRES, S.L.;0.00
ARNOIA;180;ANNE GEDDES;0.00
ARNOIA;C99;ANTHROPOS;0.00
ARNOIA;538;ANTONI BOSCH;0.00
ARNOIA;D74;ANTONIO BOSCH;0.00
ARNOIA;L74;ANTONIO MACHADO EDITORIAL;0.00
ARNOIA;F13;APIA;0.00
ARNOIA;L24;APILA;0.00
ARNOIA;P45;APLI PAPER;0.00
ARNOIA;A93;ARA IDEES;0.00
ARNOIA;399;ARA LLIBRES;0.00
ARNOIA;A74;ARA LLIBRES;0.00
ARNOIA;820;ARAL;0.00
ARNOIA;I95;ARALIA XXI;0.00
ARNOIA;F14;ARAN;0.00
ARNOIA;M17;ARAÑA EDITORIAL;0.00
ARNOIA;954;ARANZADI;0.00
ARNOIA;G40;ARATRAMA;0.00
ARNOIA;B96;ARAUCARIA;0.00
ARNOIA;I48;ARAZONIA;0.00
ARNOIA;241;ARBORLIBER;0.00
ARNOIA;B58;ARCADIA;0.00
ARNOIA;C55;ARCADIA;0.00
ARNOIA;40;ARCO;0.00
ARNOIA;924;ARCO  -LIBROS;0.00
ARNOIA;896;ARCOPRESS;0.00
ARNOIA;657;ARDI BELTZA;0.00
ARNOIA;851;ARDORA;0.00
ARNOIA;Q04;AREAL EDITORES;0.00
ARNOIA;281;ARENA EDITORIAL;0.00
ARNOIA;Q55;ARES VERLAG;0.00
ARNOIA;H77;ARESTA;0.00
ARNOIA;Y24;ARGENTA EDITORIAL;0.00
ARNOIA;J02;ARGUVAL;0.00
ARNOIA;291;ARIEL;0.00
ARNOIA;C18;ARKANO BOOKS;0.00
ARNOIA;R11;ARMAND COLIN;0.00
ARNOIA;D15;AROLA EDITORS;0.00
ARNOIA;D70;ARTABRO EDITORA;0.00
ARNOIA;Q20;ARTE PLURAL EDIÇOES;0.00
ARNOIA;C78;ARTEC;0.00
ARNOIA;A46;ARTEMISA;0.00
ARNOIA;L83;ARTES ESCENICAS;0.00
ARNOIA;M58;ASA EDIÇOES;0.00
ARNOIA;L29;ASIMETRICAS EDICIONES;0.00
ARNOIA;H17;ASPG;0.00
ARNOIA;C96;ASPPAN;0.00
ARNOIA;M70;ASSIRIO & ALVIM;0.00
ARNOIA;Q00;ASSOCIACIO UNESCO;0.00
ARNOIA;H60;ASTIBERRI;0.00
ARNOIA;382;ASTIBERRI;0.00
ARNOIA;459;ATALANTA EDITORIAL;0.00
ARNOIA;D26;ATANOR;0.00
ARNOIA;993;ATELES;0.00
ARNOIA;C60;ATELIER;0.00
ARNOIA;J45;ATENEA;0.00
ARNOIA;440;ATENEO;0.00
ARNOIA;C88;ATIC DELS LLIBRES;0.00
ARNOIA;Q99;ATICA;0.00
ARNOIA;988;ATICO DE LIBROS;0.00
ARNOIA;G84;ATLANTIS EDICIONES;0.00
ARNOIA;594;ATLAS;0.00
ARNOIA;M60;ATLAS EDITIONS;0.00
ARNOIA;G05;ATMOSFERA LITERARIA;0.00
ARNOIA;L25;ATRAVES EDITORA;0.00
ARNOIA;C66;ATRIL;0.00
ARNOIA;YA4;AUFIC ALONSO GASHAAN (IBD);0.00
ARNOIA;B64;AUGA, EDITORIAL;0.00
ARNOIA;560;AUGUR LIBROS;0.00
ARNOIA;K31;AULA EDITORIAL;0.00
ARNOIA;L48;AUNDIR;0.00
ARNOIA;K42;AUTOMATICA EDITORIAL;0.00
ARNOIA;O00;AUX ED.DU PHARE;0.00
ARNOIA;K36;AVOTS;0.00
ARNOIA;H10;AXAC;0.00
ARNOIA;H52;AXOUXERE;0.00
ARNOIA;Y38;AZETA;0.00
ARNOIA;I56;B.A.C;0.00
ARNOIA;J55;BABABUM;0.00
ARNOIA;894;BABEL BOOKS XXI;0.00
ARNOIA;M52;BABIDI  -BU;0.00
ARNOIA;Y79;BABIDIBU LIBROS (IBD);0.00
ARNOIA;K59;BABULINKA;0.00
ARNOIA;H12;BAIA;0.00
ARNOIA;H28;BAIA;0.00
ARNOIA;Y39;BAIA;0.00
ARNOIA;A42;BAILE DEL SOL;0.00
ARNOIA;121;BAINET MEDIA;0.00
ARNOIA;F78;BALDINI CASTOLDI DALAI;0.00
ARNOIA;Q06;BALLON;0.00
ARNOIA;360;BALMES EDICIONES;0.00
ARNOIA;749;BAMBU;0.00
ARNOIA;F42;BANG;0.00
ARNOIA;H61;BANG;0.00
ARNOIA;L42;BAO BILBAO EDICIONES;0.00
ARNOIA;694;BARATARIA;0.00
ARNOIA;A41;BARBANTESA;0.00
ARNOIA;Y83;BARBARA CARTLAND EBOOKS (IBD);0.00
ARNOIA;Y82;BARBARA CARTLAND.COM (IBD);0.00
ARNOIA;G18;BARBARA FIORE;0.00
ARNOIA;A65;BARCANOVA;0.00
ARNOIA;Q16;BARCINO EDITORIAL;0.00
ARNOIA;A25;BARRACUDA;0.00
ARNOIA;A28;BARRIL Y BARRAL;0.00
ARNOIA;637;BARTLEBY;0.00
ARNOIA;667;BASE;0.00
ARNOIA;H91;BASE;0.00
ARNOIA;P36;BASIKA;0.00
ARNOIA;A60;BAULA;0.00
ARNOIA;A02;BAULA;0.00
ARNOIA;K16;BAYARD JEUNESSE;0.00
ARNOIA;J41;BBA;0.00
ARNOIA;B93;BCN MULTIMEDIA (CATALAN);0.00
ARNOIA;B94;BCNMULTIMEDIA;0.00
ARNOIA;898;BD  -BANDA;0.00
ARNOIA;297;BEASCOA;0.00
ARNOIA;176;BEAUMONT;0.00
ARNOIA;746;BELACQVA;0.00
ARNOIA;O24;BELAGUA;0.00
ARNOIA;O82;BELFOND;0.00
ARNOIA;H73;BELLATERRA MUSICA;0.00
ARNOIA;J72;BELLEZA INFINITA;0.00
ARNOIA;417;BELLISCO;0.00
ARNOIA;J84;BELVEDERE;0.00
ARNOIA;856;BENJAMIN CUMMINGS;0.00
ARNOIA;962;BERENICE;0.00
ARNOIA;K87;BERLITZ PUBLISHING;0.00
ARNOIA;M56;BERTRAND EDITORA;0.00
ARNOIA;928;BIBL.AUTORES CRISTIANOS;0.00
ARNOIA;G37;BIBL.DEL LABERINTO;0.00
ARNOIA;F24;BIBL.LA ALHAMBRA;0.00
ARNOIA;H35;BIBLARIA;0.00
ARNOIA;L01;BIBLIOGRAPHISCHES;0.00
ARNOIA;394;BIBLIOPOLIS;0.00
ARNOIA;F58;BIBLIOTECA NUEVA;0.00
ARNOIA;C05;BIBLIOTECA NUEVA ESPAÑA;0.00
ARNOIA;772;BIBLOS CLUBE DE LECTORES;0.00
ARNOIA;P13;BIC;0.00
ARNOIA;D27;BILINGUAL READERS;0.00
ARNOIA;K32;BISPUBLISHERS;0.00
ARNOIA;892;BLACKIE BOOKS;0.00
ARNOIA;0;BLAKE Y HELSEY;0.00
ARNOIA;R04;BLU EDIÇOES;0.00
ARNOIA;B60;BLUME;0.00
ARNOIA;K69;BODYMING;0.00
ARNOIA;G75;BOE;0.00
ARNOIA;F43;BOHODON;0.00
ARNOIA;X05;BOIKIDO;0.00
ARNOIA;H53;BOILEAU;0.00
ARNOIA;J65;BOIRA EDITORIAL;0.00
ARNOIA;H23;BOLANDA;0.00
ARNOIA;F23;BOMORZO;0.00
ARNOIA;K98;BOMPIANI;0.00
ARNOIA;685;BONACCI;0.00
ARNOIA;M40;BONCAHIER;0.00
ARNOIA;K80;BONJINSHA;0.00
ARNOIA;L19;BOOK GROUP;0.00
ARNOIA;Y04;BOOK MASTERS;0.00
ARNOIA;569;BOOKET;0.00
ARNOIA;837;BOOKS4POCKET EDITORIAL;0.00
ARNOIA;I79;BOREAL;0.00
ARNOIA;287;BOSCH;0.00
ARNOIA;393;BOSCH TEXT;0.00
ARNOIA;P74;BOSTIK;0.00
ARNOIA;289;BOVEDA EDITORIAL;0.00
ARNOIA;G64;BRACKET CULTURA;0.00
ARNOIA;C41;BRESCA CATALAN;0.00
ARNOIA;791;BRESCA EDITORIAL S.L.;0.00
ARNOIA;H89;BRIEF;0.00
ARNOIA;J70;BROMERA;0.00
ARNOIA;J54;BROMERA;0.00
ARNOIA;B83;BROMERA EDICIONS;0.00
ARNOIA;J87;BRONTES;0.00
ARNOIA;H02;BROSQUIL;0.00
ARNOIA;A66;BRUIXOLA;0.00
ARNOIA;842;BRUJITA DE PAPEL;0.00
ARNOIA;729;BRUÑO;0.00
ARNOIA;10;BRUÑO;0.00
ARNOIA;Y56;BUBOK PUBLISHING;0.00
ARNOIA;312;BUENA VISTA HOME VIDEO;0.00
ARNOIA;G73;BUENAS LETRAS;0.00
ARNOIA;H46;BUENTOS;0.00
ARNOIA;I53;BULLENT;0.00
ARNOIA;L45;BULULU;0.00
ARNOIA;968;BURIDAN;0.00
ARNOIA;256;BURLINGTON;0.00
ARNOIA;196;BUXOPRODUCIONS;0.00
ARNOIA;J62;BY ME (MACMILLAN/EDELVIVES);0.00
ARNOIA;513;CABALLO DE TROYA;0.00
ARNOIA;A80;CABARET VOLTAIRE;0.00
ARNOIA;G87;CADI;0.00
ARNOIA;A63;CADI EDICIONS;0.00
ARNOIA;467;CAELUS BOOKS;0.00
ARNOIA;F29;CALAMAR;0.00
ARNOIA;G19;CALAMBUR;0.00
ARNOIA;L84;CALAMO;0.00
ARNOIA;M13;CALAMO;0.00
ARNOIA;6;CALENDARIO ZARAGOZANO;0.00
ARNOIA;Y29;CALLIS;0.00
ARNOIA;K76;CAL·LIGRAF;0.00
ARNOIA;226;CAMARA COMERCIO INDUST.OURENSE;0.00
ARNOIA;103;CAMBRIDGE;0.00
ARNOIA;A01;CAMBRIDGE;0.00
ARNOIA;YB2;CAMELOT;0.00
ARNOIA;K90;CAMINHO EDITORA;0.00
ARNOIA;608;CAMPBELL BOOKS;0.00
ARNOIA;Q07;CAMPDS EDITORES;0.00
ARNOIA;Q02;CAMPO DE IDEAS EDITORIAL;0.00
ARNOIA;H16;CANELA;0.00
ARNOIA;F39;CANO PINA;0.00
ARNOIA;P39;CANSON   - GUARRO;0.00
ARNOIA;J39;CANTABRICA;0.00
ARNOIA;P07;CAPEL;0.00
ARNOIA;424;CAPITAN SWING LIBROS;0.00
ARNOIA;M57;CARACTER EDITORA;0.00
ARNOIA;K03;CARAMBA EDITORIAL;0.00
ARNOIA;J96;CARAMBUCO;0.00
ARNOIA;I84;CARCAMO;0.00
ARNOIA;P41;CARCHIVO;0.00
ARNOIA;167;CARENA;0.00
ARNOIA;490;CARENA EDITORS;0.00
ARNOIA;P95;CARIOCA;0.00
ARNOIA;O31;CARISCH;0.00
ARNOIA;G53;CARO RAGGIO;0.00
ARNOIA;F89;CAROCCI;0.00
ARNOIA;K50;CARPE NOCTEM;0.00
ARNOIA;O57;CASA AMERICA CATALUNYA;0.00
ARNOIA;Y06;CASA DA PROA;0.00
ARNOIA;M19;CASA DE CARTON EDITORIAL;0.00
ARNOIA;I57;CASA DE LA BIBLIA;0.00
ARNOIA;O13;CASA SASSETTI;0.00
ARNOIA;Y18;CASARAO DO VERBO;0.00
ARNOIA;F95;CASIMIRO;0.00
ARNOIA;L26;CASIMIRO PARKER;0.00
ARNOIA;P24;CASIO;0.00
ARNOIA;263;CASTALIA EDITORIAL;0.00
ARNOIA;F75;CASTEL NEGRINO;0.00
ARNOIA;G99;CASTELLARTE;0.00
ARNOIA;B39;CASTELLNOU;0.00
ARNOIA;472;CASTELLNOU EDICIONS;0.00
ARNOIA;J26;CASTELLNOU EDITORA VALENCIANA;0.00
ARNOIA;217;CASTERMAN;0.00
ARNOIA;879;CATAPULTA EDITORES;0.00
ARNOIA;51;CATEDRA;0.00
ARNOIA;715;CCG;0.00
ARNOIA;929;CCS;0.00
ARNOIA;36;CEAC EDICIONES;0.00
ARNOIA;F77;CEDAM;0.00
ARNOIA;866;CEDECS;0.00
ARNOIA;E62;CEDEL;0.00
ARNOIA;E19;CEF;0.00
ARNOIA;I25;CENADHIER   - ROGER DE LLURIA;0.00
ARNOIA;O60;CENGAGE;0.00
ARNOIA;G54;CENLIT EDICIONES;0.00
ARNOIA;I12;CENTRE MUN.CULTURA CERVERA;0.00
ARNOIA;C50;CENTRE PASTORAL LITURG.BARC.;0.00
ARNOIA;C47;CENTRO EST.RAMON ARECES;0.00
ARNOIA;M64;CENTRO ESTUDIOS EUROPA HISPAN.;0.00
ARNOIA;A36;CENTRO ESTUDIOS FOTOGRAFICOS;0.00
ARNOIA;C42;CENTRO INVEST.RAMON PIÑEIRO;0.00
ARNOIA;540;CENTRO INVEST.SOCIOLOGICAS  -CIS;0.00
ARNOIA;B67;CENTRO PEN DE GALICIA;0.00
ARNOIA;K52;CENTURYIARROW;0.00
ARNOIA;F37;CEP EDITORIAL;0.00
ARNOIA;D39;CEPC;0.00
ARNOIA;274;CEPE;0.00
ARNOIA;K97;CESOL;0.00
ARNOIA;I52;CEU;0.00
ARNOIA;686;CEYSA;0.00
ARNOIA;Y53;CHANCACAZO;0.00
ARNOIA;O91;CHESSY EDITORIAL;0.00
ARNOIA;K18;CHIADO;0.00
ARNOIA;M92;CHIADO PORTUGAL;0.00
ARNOIA;X18;CHICOS;0.00
ARNOIA;L63;CHINA PUBL HOUSE;0.00
ARNOIA;B17;CHRONICA;0.00
ARNOIA;E42;CIA ESPAÑOLA REPROGRAFIA SERV.;0.00
ARNOIA;M07;CIDEAL;0.00
ARNOIA;Q39;CIENTOCUARENTA;0.00
ARNOIA;J52;CILENGUA;0.00
ARNOIA;C59;CINCA;0.00
ARNOIA;E80;CINTER;0.00
ARNOIA;428;CIRCE;0.00
ARNOIA;873;CIRCULO BELLAS ARTES;0.00
ARNOIA;721;CISCO PRESS;0.00
ARNOIA;C48;CISS;0.00
ARNOIA;Y72;CITMATEL (IBD);0.00
ARNOIA;A40;CIUDAD NUEVA;0.00
ARNOIA;950;CIVITAS;0.00
ARNOIA;869;CLAN;0.00
ARNOIA;Q98;CLASSICA EDITORA;0.00
ARNOIA;F64;CLAVE INTELECTUAL;0.00
ARNOIA;124;CLAVE RECORDS;0.00
ARNOIA;663;CLE  -ANAYA;0.00
ARNOIA;L77;CLE INTERNACIONAL;0.00
ARNOIA;238;CLE INTERNATIONAL;0.00
ARNOIA;F35;CLIC EDICIONES;0.00
ARNOIA;146;CLIPER;0.00
ARNOIA;M18;CLIPMEDIA;0.00
ARNOIA;J28;CLIVIS PUBLICACIONS;0.00
ARNOIA;B55;CLUB EDITOR;0.00
ARNOIA;G56;CLUB EDITOR JOVE;0.00
ARNOIA;J46;COBEL EDICIONES;0.00
ARNOIA;487;COBUILD;0.00
ARNOIA;B06;COCO BOOKS;0.00
ARNOIA;P12;COFRAP (MAPED);0.00
ARNOIA;453;COLEX;0.00
ARNOIA;I85;COLLINS;0.00
ARNOIA;148;COLLINS.;0.00
ARNOIA;L06;COLMENA EDICIONES;0.00
ARNOIA;A75;COLUMNA EDICIONS;0.00
ARNOIA;H31;COL·LEGI D'ARQUITECTES CATALUN;0.00
ARNOIA;A20;COMANEGRA;0.00
ARNOIA;G15;COMANEGRA CATALAN;0.00
ARNOIA;Y49;COMARCA DE TALENTOS, S.C.;0.00
ARNOIA;341;COMARES;0.00
ARNOIA;13;COMBEL;0.00
ARNOIA;L05;COMMERCIAL PRESS;0.00
ARNOIA;336;COMPAÑIA ORIENTAL TINTA;0.00
ARNOIA;D69;COMPLICES EDITORIAL;0.00
ARNOIA;354;COMPLUTENSE ASOC  -PRENSA;0.00
ARNOIA;799;COMPOSTELA EDITORIAL, S.A.;0.00
ARNOIA;E50;COMUNICACION SOCIAL;0.00
ARNOIA;Y62;COMUNICANDO IDEAS;0.00
ARNOIA;D07;CONCELLO DE LUGO;0.00
ARNOIA;C43;CONCELLO DE VALGA;0.00
ARNOIA;E45;CONCELLO PONTEDEUME;0.00
ARNOIA;C75;CONECTA;0.00
ARNOIA;I06;CONFLUENCIAS;0.00
ARNOIA;J68;CONGRESO DE LOS DIPUTADOS;0.00
ARNOIA;C46;CONS.GEN.PODER JUCICIAL;0.00
ARNOIA;F46;CONSEJO GENERAL PODER JUDICIAL;0.00
ARNOIA;J42;CONSEJO GRAL.TRABAJO SOCIAL;0.00
ARNOIA;H96;CONSELL CULTURAL VALLS D'ANEU;0.00
ARNOIA;803;CONSELLO CULTURA GALEGA;0.00
ARNOIA;Y36;CONSELLO DA CULTURA GALEGA;0.00
ARNOIA;E61;CONSELLO RTVE GALICIA;0.00
ARNOIA;E59;CONSULTORES PUBLICIDAD;0.00
ARNOIA;H56;CONTOS EXTRAÑOS;0.00
ARNOIA;F03;CONTRA;0.00
ARNOIA;F04;CONTRA (CATALAN);0.00
ARNOIA;Q65;CONTRABANDO;0.00
ARNOIA;I55;CONTRASEÑA;0.00
ARNOIA;346;COOPERACION EDITORIAL;0.00
ARNOIA;157;CORGI BOOKS;0.00
ARNOIA;D89;CORIMBO;0.00
ARNOIA;817;CORIMBO EDITORIAL S.L.;0.00
ARNOIA;F11;CORINTIA;0.00
ARNOIA;C83;CORNER;0.00
ARNOIA;B68;CORONA BOREALIS;0.00
ARNOIA;Y66;CORONA BOREALIS;0.00
ARNOIA;M24;CORRE LA VOZ;0.00
ARNOIA;H99;CORT EDICIONS;0.00
ARNOIA;Y59;COSSETANIA;0.00
ARNOIA;B84;COSSETANIA EDICIONS;0.00
ARNOIA;126;CREA EDICIONES;0.00
ARNOIA;K02;CREACION;0.00
ARNOIA;G61;CREACIONES COPYRIGHT;0.00
ARNOIA;G29;CREALITE;0.00
ARNOIA;M42;CREATESPACE;0.00
ARNOIA;YA6;CREATIVIDAD EN LAS LETRAS;0.00
ARNOIA;Q70;CRISPIS E AFUNDACION;0.00
ARNOIA;G04;CRISTAL;0.00
ARNOIA;F28;CRISTIANDAD;0.00
ARNOIA;313;CRITICA;0.00
ARNOIA;A94;CRITICA;0.00
ARNOIA;H24;CRMH D'AC;0.00
ARNOIA;A44;CROMOSOMA;0.00
ARNOIA;B91;CROMOSOMA (CATALAN);0.00
ARNOIA;A67;CRUILLA;0.00
ARNOIA;K29;CSED;0.00
ARNOIA;E67;CSIC;0.00
ARNOIA;927;CUADERNOS DEL VIGIA;0.00
ARNOIA;L92;CUATRO EDICIONES;0.00
ARNOIA;E85;CUENTO DE LUZ;0.00
ARNOIA;Y55;CULBUKS;0.00
ARNOIA;Y78;CULTIVA LIBROS (IBD);0.00
ARNOIA;O34;CULTURA CICLISTA;0.00
ARNOIA;K63;CULTURA CLASICA;0.00
ARNOIA;20;CUMIO;0.00
ARNOIA;720;CUMIO;0.00
ARNOIA;Y01;CUMIO;0.00
ARNOIA;521;CUPULA (LIBROS CUPULA);0.00
ARNOIA;C37;CURBET;0.00
ARNOIA;YA5;CUTE EDICIONES;0.00
ARNOIA;K25;CVG;0.00
ARNOIA;369;CYDONIA EDICIONES, S.L.;0.00
ARNOIA;P33;DACS;0.00
ARNOIA;F06;DAE;0.00
ARNOIA;881;DAMARE EDICIONS;0.00
ARNOIA;P65;DAS;0.00
ARNOIA;F60;DAU;0.00
ARNOIA;L33;DAU;0.00
ARNOIA;L58;DAURO;0.00
ARNOIA;Y89;DE BUENA TINTA (IBD);0.00
ARNOIA;O35;DE FRUTOS MARTINEZ;0.00
ARNOIA;L59;DE HASKE;0.00
ARNOIA;C22;DE LA TORRE;0.00
ARNOIA;J48;DE LA VEGA;0.00
ARNOIA;E16;DE PALMA;0.00
ARNOIA;F16;DE PROFUNDIS;0.00
ARNOIA;33;DE VECCHI;0.00
ARNOIA;339;DEBATE;0.00
ARNOIA;643;DEBOLSILLO;0.00
ARNOIA;H59;DEL ASTEROIDE;0.00
ARNOIA;362;DEL ASTEROIDE;0.00
ARNOIA;M93;DEL AZAR;0.00
ARNOIA;656;DEL BRONCE;0.00
ARNOIA;420;DEL LINCE;0.00
ARNOIA;K61;DEL NUEVO EXTREMO;0.00
ARNOIA;G62;DEL PERISCOPI;0.00
ARNOIA;I11;DEL PIRATA, EDICIONS;0.00
ARNOIA;119;DEL PRADO EDICIONES;0.00
ARNOIA;592;DEL VIENTO;0.00
ARNOIA;M10;DELIRIO;0.00
ARNOIA;888;DELTA;0.00
ARNOIA;597;DELTA PUBLICACIONES;0.00
ARNOIA;910;DEMIPAGE;0.00
ARNOIA;L36;DEMO;0.00
ARNOIA;I70;DENES;0.00
ARNOIA;O81;DENOEL;0.00
ARNOIA;431;DEPUTACION DA CORUÑA;0.00
ARNOIA;515;DEPUTACION DE PONTEVEDRA;0.00
ARNOIA;762;DEPUTACION PROVINCIAL OURENSE;0.00
ARNOIA;G72;DEPUTACION SEVILLA;0.00
ARNOIA;K88;DER AUDIO VERLAG;0.00
ARNOIA;B07;DERIA EDITORS;0.00
ARNOIA;389;DESCLEE DE BROUWER;0.00
ARNOIA;B28;DESIDERATA;0.00
ARNOIA;946;DESNIVEL;0.00
ARNOIA;448;DESTINO;0.00
ARNOIA;A76;DESTINO (CATALAN);0.00
ARNOIA;B11;DESTINO INFANTIL;0.00
ARNOIA;G48;DESVELO EDICIONES;0.00
ARNOIA;K70;DETRAS DO MARCO;0.00
ARNOIA;D64;DEU I ONZE;0.00
ARNOIA;618;DEUSTO;0.00
ARNOIA;O19;DHARANA EDITORIAL;0.00
ARNOIA;E02;DHARMA;0.00
ARNOIA;L41;DIABOLO EDICIONES;0.00
ARNOIA;919;DIAEDITORES;0.00
ARNOIA;426;DIALOGO;0.00
ARNOIA;903;DIAZ DE SANTOS;0.00
ARNOIA;B14;DIB BUKS;0.00
ARNOIA;M46;DIDACBOOK;0.00
ARNOIA;248;DIDIER  -HATIER (ANAYA);0.00
ARNOIA;O71;DIEGO MARIN LIBRERO;0.00
ARNOIA;O62;DIEGO PUN EDICIONES;0.00
ARNOIA;I47;DIERESIS;0.00
ARNOIA;B37;DIERESIS;0.00
ARNOIA;G71;DIFACIL;0.00
ARNOIA;959;DIFERENTE;0.00
ARNOIA;227;DIFUSION;0.00
ARNOIA;G67;DIFUSION INTERNACIONAL;0.00
ARNOIA;D51;DIGGRAF;0.00
ARNOIA;K53;DIGITALLEAF;0.00
ARNOIA;O01;DINAPRESS;0.00
ARNOIA;H47;DIPUTACION DE HUELVA;0.00
ARNOIA;X06;DISET;0.00
ARNOIA;A23;DISNEY LIBROS;0.00
ARNOIA;Q80;DIVERSA EDICIONES;0.00
ARNOIA;I23;DIVINE EGG STUDIO;0.00
ARNOIA;A12;DIVISA RED, S.A;0.00
ARNOIA;G33;DK PEARSON;0.00
ARNOIA;359;DO CASTRO;0.00
ARNOIA;J98;DOBLEERRE;0.00
ARNOIA;I13;DOBLERRE EDITORIAL;0.00
ARNOIA;G35;DOCE CALLES;0.00
ARNOIA;E20;DOCTOR DOMAVERSO;0.00
ARNOIA;H81;DOCUMENTA BALEAR;0.00
ARNOIA;B30;DOCUMENTA UNIVERSITARIA;0.00
ARNOIA;P78;DOHE;0.00
ARNOIA;P92;DOHE AGENDAS;0.00
ARNOIA;358;DOLMEN EDITORIAL;0.00
ARNOIA;J93;DOM QUIXOTE;0.00
ARNOIA;D60;DONISTIA KULTURA;0.00
ARNOIA;329;DONOSTIARRA;0.00
ARNOIA;F79;DONZELLI;0.00
ARNOIA;906;DORLING;0.00
ARNOIA;L72;DORLING KINDERSLEY VERLAG;0.00
ARNOIA;780;DOS ACORDES;0.00
ARNOIA;Y81;DOSS EDICIONES (IBD);0.00
ARNOIA;58;DOSSAT;0.00
ARNOIA;H32;DPR BARCELONA;0.00
ARNOIA;495;DRAC;0.00
ARNOIA;Q64;DRASSANA;0.00
ARNOIA;K58;DSTORIA EDICIONS;0.00
ARNOIA;821;DTV  -DEUTSCHER TASCHENBUCH;0.00
ARNOIA;Q59;DUALBOOKS;0.00
ARNOIA;233;DUCULOT;0.00
ARNOIA;Y44;DUMBRIO EDITORA;0.00
ARNOIA;573;DUOMO;0.00
ARNOIA;P25;DURABLE;0.00
ARNOIA;P68;DURACELL;0.00
ARNOIA;P86;DURACELL;0.00
ARNOIA;D30;DUX;0.00
ARNOIA;F86;DVD ITALIANO;0.00
ARNOIA;C58;DYKINSON 2000;0.00
ARNOIA;575;DYLAR EDICIONES;0.00
ARNOIA;L49;D´AQUARI EDICIONS;0.00
ARNOIA;O20;D´EPOCA EDITORIAL;0.00
ARNOIA;J80;EASY READERS;0.00
ARNOIA;5;ECIR;0.00
ARNOIA;K05;ECLIPSADOS;0.00
ARNOIA;578;ECOBOOK;0.00
ARNOIA;J23;ECOLE DES LOISIRS;0.00
ARNOIA;688;ECU;0.00
ARNOIA;Q82;ED.IBERIA;0.00
ARNOIA;26;EDAF EDITORIAL;0.00
ARNOIA;P19;EDDING;0.00
ARNOIA;7;EDEBE;0.00
ARNOIA;D05;EDGE;0.00
ARNOIA;253;EDHASA EDITORIAL;0.00
ARNOIA;938;EDIBESA;0.00
ARNOIA;984;EDIC.1984;0.00
ARNOIA;B51;EDIC.1984;0.00
ARNOIA;827;EDICE EDITORIAL;0.00
ARNOIA;436;EDICEP C.B;0.00
ARNOIA;Y22;EDICION DIGITAL;0.00
ARNOIA;537;EDICIONES 98;0.00
ARNOIA;K13;EDICIONES ACADEMICAS;0.00
ARNOIA;O92;EDICIONES BETA;0.00
ARNOIA;Q37;EDICIONES CASAS;0.00
ARNOIA;Y73;EDICIONES CASAS (IBD);0.00
ARNOIA;H78;EDICIONES DE AQUI;0.00
ARNOIA;YB1;EDICIONES DE LA U;0.00
ARNOIA;J10;EDICIONES DEL SUBSUELO;0.00
ARNOIA;F50;EDICIONES I;0.00
ARNOIA;L85;EDICIONES KIWI;0.00
ARNOIA;M49;EDICIONES KIWI;0.00
ARNOIA;Y69;EDICIONES OBLICUAS (IBD);0.00
ARNOIA;I21;EDICIONES PROSVETA;0.00
ARNOIA;F68;EDICIONES S;0.00
ARNOIA;305;EDICIONS 62;0.00
ARNOIA;I60;EDICIONS 96;0.00
ARNOIA;C44;EDICIONS DA CURUXA;0.00
ARNOIA;E53;EDICIONS DE LA CENTRAL;0.00
ARNOIA;O33;EDICIONS DO CERNE;0.00
ARNOIA;I35;EDICIONS ELS LLUMS (CATALAN);0.00
ARNOIA;L60;EDICIONS PAI;0.00
ARNOIA;D16;EDICIONS ROURE DE CAN ROCA;0.00
ARNOIA;O56;EDICIONS SALDONAR;0.00
ARNOIA;K47;EDIÇOES;0.00
ARNOIA;Q22;EDIÇOES CHA DAS CINCO;0.00
ARNOIA;R08;EDIÇOES COLIBRI;0.00
ARNOIA;I96;EDIGOL;0.00
ARNOIA;861;EDILINGUA;0.00
ARNOIA;16;EDILUPA EDICIONES S.L.;0.00
ARNOIA;161;EDIMAT;0.00
ARNOIA;I14;EDIMAT;0.00
ARNOIA;J21;EDIMATER;0.00
ARNOIA;Y16;EDINEXUS;0.00
ARNOIA;405;EDINUMEN;0.00
ARNOIA;J64;EDISOFER;0.00
ARNOIA;M09;EDITIONS DU SEUIL;0.00
ARNOIA;Y48;EDITORA INTER. CALI;0.00
ARNOIA;G77;EDITORIAL ALMA;0.00
ARNOIA;L56;EDITORIAL BIENESTAR;0.00
ARNOIA;Q63;EDITORIAL FARO;0.00
ARNOIA;Y52;EDITORIAL FUTBOLDLIBRO;0.00
ARNOIA;Y98;EDITORIAL JG;0.00
ARNOIA;K92;EDITORIAL MAROVA;0.00
ARNOIA;G12;EDITORIAL MIRACH;0.00
ARNOIA;Q51;EDITORIAL MONG;0.00
ARNOIA;L20;EDITORIAL OBRADOR;0.00
ARNOIA;O40;EDITORIAL RECOLECTORES URBANOS;0.00
ARNOIA;L76;EDITORIAL SIDILLA;0.00
ARNOIA;I38;EDITORIAL SISTEMA;0.00
ARNOIA;Y51;EDITORIAL SUPERATE;0.00
ARNOIA;Y14;EDITORIAL TRIFOLIUM;0.00
ARNOIA;Y65;EDITORIAL TRYMAR (IBD);0.00
ARNOIA;Y50;EDITORIAL UAP;0.00
ARNOIA;D08;EDITRAMA;0.00
ARNOIA;O06;EDITSE EDITORIAL;0.00
ARNOIA;H36;EDITUM;0.00
ARNOIA;L91;EDIZIONI ANGOLO MANZONI;0.00
ARNOIA;E70;EDUARDO GUTIERREZ MARI;0.00
ARNOIA;X09;EDUCA BORRAS;0.00
ARNOIA;E55;EDUCATORI IZQUIERDO;0.00
ARNOIA;A81;EDUCAULA;0.00
ARNOIA;X16;EDUCO;0.00
ARNOIA;Y75;EDUVIM (IBD);0.00
ARNOIA;130;EDWARD ARNOLD;0.00
ARNOIA;G39;EFADOS;0.00
ARNOIA;Y12;EFORY ATOCHA;0.00
ARNOIA;725;EGALES S.L.;0.00
ARNOIA;574;EGMONT;0.00
ARNOIA;322;EI.EDITORIAL IDIOMAS;0.00
ARNOIA;F87;EINAUDI;0.00
ARNOIA;979;EIUNSA;0.00
ARNOIA;G14;EKARE EUROPA;0.00
ARNOIA;L08;EKILIKUA.COM;0.00
ARNOIA;J31;EKSMO;0.00
ARNOIA;J97;EL CEP I LA NANSA;0.00
ARNOIA;F53;EL CROQUIS;0.00
ARNOIA;G51;EL DERECHO EDITORES;0.00
ARNOIA;C49;EL DUENDE;0.00
ARNOIA;M95;EL GALLO DE ORO;0.00
ARNOIA;M28;EL HILO DE ARIADNA;0.00
ARNOIA;J58;EL HOMBRE DEL TRES;0.00
ARNOIA;634;EL JUEVES EDICIONES;0.00
ARNOIA;C69;EL NADIR;0.00
ARNOIA;G97;EL PARAMO;0.00
ARNOIA;A50;EL PATITO;0.00
ARNOIA;L39;EL SENDERISTA;0.00
ARNOIA;O63;EL SIGLO EDICIONES;0.00
ARNOIA;A10;EL TORO MITICO;0.00
ARNOIA;H11;EL VISO;0.00
ARNOIA;C10;EL VISO;0.00
ARNOIA;B23;ELA GEMINADA;0.00
ARNOIA;P79;ELBA;0.00
ARNOIA;D38;ELBA EDITORIAL;0.00
ARNOIA;498;ELECTA;0.00
ARNOIA;E89;ELEFTHERIA;0.00
ARNOIA;D44;ELENA SILVESTRE;0.00
ARNOIA;H00;ELFOS;0.00
ARNOIA;308;ELI;0.00
ARNOIA;Y34;ELLAGO;0.00
ARNOIA;758;ELLAGOEDICIONES;0.00
ARNOIA;C85;ELSEVIER;0.00
ARNOIA;K62;ELVIRA EDITORIAL;0.00
ARNOIA;F51;EMBORA;0.00
ARNOIA;718;EMECE EDITORES;0.00
ARNOIA;251;EMPRESA ACTIVA;0.00
ARNOIA;742;EMPURIES;0.00
ARNOIA;A91;ENCICLOPEDIA CATALANA;0.00
ARNOIA;B41;ENCLAVE;0.00
ARNOIA;K57;ENCLAVE CREATIVA;0.00
ARNOIA;951;ENCUENTRO;0.00
ARNOIA;Y19;ENCUENTRO;0.00
ARNOIA;K71;ENDERLE SHOTEN;0.00
ARNOIA;YA8;ENDOVELIA;0.00
ARNOIA;639;ENEIDA;0.00
ARNOIA;G57;ENI EDICIONES;0.00
ARNOIA;K35;ENNSTHALER;0.00
ARNOIA;P43;ENRI;0.00
ARNOIA;L37;ENRIQUE ORTEA;0.00
ARNOIA;E60;ENSEÑANZA UNIVERSITARIA SEK;0.00
ARNOIA;I03;ENSIOLA EDITORIAL;0.00
ARNOIA;H45;ENTINEMA;0.00
ARNOIA;B87;ENTRAMAT;0.00
ARNOIA;R15;ENTRE AMBOS;0.00
ARNOIA;Y84;ENTREACACIAS (IBD);0.00
ARNOIA;855;ENTRELIBROS;0.00
ARNOIA;H54;ENXEBREBOOKS;0.00
ARNOIA;O54;EOLAS;0.00
ARNOIA;E96;EOS;0.00
ARNOIA;O69;EQUIPO DIFUSOR DEL LIBRO;0.00
ARNOIA;B80;ERASMUS EDICIONES;0.00
ARNOIA;326;EREIN EDITORIAL;0.00
ARNOIA;E46;ERGON;0.00
ARNOIA;434;ERIDE;0.00
ARNOIA;P48;ERIK;0.00
ARNOIA;908;ERRATA NATURAE;0.00
ARNOIA;J35;ERROTETA;0.00
ARNOIA;973;ES;0.00
ARNOIA;B72;ES POP EDICIONES;0.00
ARNOIA;O70;ESAY EDITORIAL;0.00
ARNOIA;960;ESCALERA;0.00
ARNOIA;O99;ESCOBAR;0.00
ARNOIA;P50;ESCOL  -OFI;0.00
ARNOIA;I61;ESCOLA VALENCIANA;0.00
ARNOIA;458;ESCOLAR Y MAYO;0.00
ARNOIA;H97;ESCUCURUCUC;0.00
ARNOIA;878;ESENCIA;0.00
ARNOIA;525;ESFERA DE LOS LIBROS;0.00
ARNOIA;M85;ESFERA DO CAOS;0.00
ARNOIA;I19;ESFEREA EDITORIAL;0.00
ARNOIA;969;ESIC;0.00
ARNOIA;Y05;ESPIRAL MAIOR;0.00
ARNOIA;735;ESPIRAL MAIOR, S.L.;0.00
ARNOIA;986;ESPUELA DE PLATA;0.00
ARNOIA;O03;ESQUEMA EDICIONES;0.00
ARNOIA;245;ESQUILO EDICIONES;0.00
ARNOIA;M91;ESQUILO PORTUGAL;0.00
ARNOIA;P03;ESSELTE;0.00
ARNOIA;A92;ESTRELLA POLAR;0.00
ARNOIA;D92;ESTUDIOS NAUTICOS COSTA;0.00
ARNOIA;607;EUDEMA;0.00
ARNOIA;B16;EUMO;0.00
ARNOIA;H93;EUMOGRAFIC;0.00
ARNOIA;E49;EUNATE;0.00
ARNOIA;A04;EUNSA;0.00
ARNOIA;L17;EUROEDITIONS;0.00
ARNOIA;492;EUROIMPALA;0.00
ARNOIA;Q23;EUROIMPALA PORTUGUES;0.00
ARNOIA;M89;EUROTALK;0.00
ARNOIA;L10;EUTELEQUIA;0.00
ARNOIA;G81;EVEREST;0.00
ARNOIA;G34;EVOHE;0.00
ARNOIA;H33;EVOLO;0.00
ARNOIA;Y31;EVORA;0.00
ARNOIA;964;EXCALIBUR;0.00
ARNOIA;G55;EXPERIENCIA EDICIONES;0.00
ARNOIA;652;EXPRESS;0.00
ARNOIA;F52;EXTRAMUROS;0.00
ARNOIA;829;EZARO EDITORIAL;0.00
ARNOIA;A59;F.C.RUBIO;0.00
ARNOIA;P26;FABER  -CASTELL;0.00
ARNOIA;193;FABER AND FABER;0.00
ARNOIA;O07;FABULAS DE ALBION;0.00
ARNOIA;O96;FACKELTRAGER;0.00
ARNOIA;Y45;FACSIMILE;0.00
ARNOIA;743;FACTORIA DE IDEAS;0.00
ARNOIA;Q95;FACTORIA IDEAS  -DEBOLSILLO;0.00
ARNOIA;P31;FAIBO;0.00
ARNOIA;O68;FAIRY DREAMS;0.00
ARNOIA;M37;FAJARDO EL BRAVO;0.00
ARNOIA;542;FAKTORIA K DE LIBROS;0.00
ARNOIA;203;FALLOIS;0.00
ARNOIA;X03;FALOMIR JUEGOS;0.00
ARNOIA;H06;FANBOOKS;0.00
ARNOIA;J49;FANTASCY;0.00
ARNOIA;307;FAYARD;0.00
ARNOIA;H39;FDL. FUTBOL DE LIBRO;0.00
ARNOIA;C39;FECC;0.00
ARNOIA;L55;FEIWEL & FRIENDS;0.00
ARNOIA;L95;FELGUERA;0.00
ARNOIA;F80;FELTRINELLI;0.00
ARNOIA;G46;FEMINISMOS;0.00
ARNOIA;606;FENIX;0.00
ARNOIA;A55;FERTILIDAD DE TIERRA;0.00
ARNOIA;645;FERVENZA;0.00
ARNOIA;X17;FIMO;0.00
ARNOIA;O26;FINDERS KEEPERS;0.00
ARNOIA;989;FINEO;0.00
ARNOIA;I68;FINIS TERRAE;0.00
ARNOIA;P37;FINOCAM;0.00
ARNOIA;Y41;FIOCRUZ;0.00
ARNOIA;551;FISCHER;0.00
ARNOIA;Q03;FISCHER;0.00
ARNOIA;P38;FISICO POLITICO;0.00
ARNOIA;P81;FIXO;0.00
ARNOIA;E75;FLAMBOYANT;0.00
ARNOIA;350;FLAMINGO;0.00
ARNOIA;K64;FLASHBACK EDICIONES;0.00
ARNOIA;175;FLEURUS;0.00
ARNOIA;I37;FLIEDNER;0.00
ARNOIA;841;FLOR DEL VIENTO;0.00
ARNOIA;B24;FLOR DEL VIENTO;0.00
ARNOIA;M29;FLUMEN;0.00
ARNOIA;768;FOCA;0.00
ARNOIA;J11;FOL MUSICA;0.00
ARNOIA;P55;FOLDERMATE;0.00
ARNOIA;J74;FOLENS;0.00
ARNOIA;A16;FOLIO (ESPAÑOL);0.00
ARNOIA;H80;FOLLAS NOVAS;0.00
ARNOIA;398;FONDO CULTURA ECONOMICA (FCE);0.00
ARNOIA;I22;FONOLL EDITORIAL;0.00
ARNOIA;C76;FORCOLA;0.00
ARNOIA;Y08;FOREIGN LANGUAGES PRESS;0.00
ARNOIA;283;FORMACION ALCALA;0.00
ARNOIA;Q24;FORMASAU EDITORA;0.00
ARNOIA;I69;FORPAX;0.00
ARNOIA;K93;FORTUNA;0.00
ARNOIA;102;FOSFENOLOGIA, INSTITUTO DE;0.00
ARNOIA;133;FOUCHER;0.00
ARNOIA;M41;FOUNDATION FOR INNER PEACE;0.00
ARNOIA;X08;FOURNIER;0.00
ARNOIA;L54;FRAGATINA;0.00
ARNOIA;B53;FRAGMENTA;0.00
ARNOIA;C08;FRAGUA;0.00
ARNOIA;M39;FRAGUA DEL TROVADOR;0.00
ARNOIA;825;FRANCE EMPIRE;0.00
ARNOIA;M16;FRANCIS LEFEBVRE;0.00
ARNOIA;Q91;FREYTAG BERNDTU ARTARIA;0.00
ARNOIA;D71;FULGENCIO PIMENTEL;0.00
ARNOIA;288;FUNAMBULISTA EDITORIAL;0.00
ARNOIA;C70;FUND.CAJA DE ARQUITECTOS;0.00
ARNOIA;G11;FUND.ENMANUEL MOUNIER;0.00
ARNOIA;F09;FUND.INFANCIA Y APRENDIZAJE;0.00
ARNOIA;423;FUND.INTER.DOLOR;0.00
ARNOIA;E73;FUND.J.A.DE CASTRO;0.00
ARNOIA;H15;FUND.MANUEL MARIA;0.00
ARNOIA;158;FUND.PEDRO BARRIE MAZA;0.00
ARNOIA;759;FUND.PROMEDIC;0.00
ARNOIA;K43;FUNDAÇAO CALOUSTE GULBENKIAN;0.00
ARNOIA;M82;FUNDAÇAO FRANCISCO MANUEL SANT;0.00
ARNOIA;K44;FUNDAÇAO ORIENTE MUSEU;0.00
ARNOIA;150;FUNDACIO AUTONOMA SOLIDARIA;0.00
ARNOIA;J20;FUNDACIO GALA  -SALVADOR DALI;0.00
ARNOIA;I00;FUNDACIO NOGUERA;0.00
ARNOIA;429;FUNDACION;0.00
ARNOIA;Q96;FUNDACION AQUA MARIS;0.00
ARNOIA;D29;FUNDACION ARGOS;0.00
ARNOIA;I26;FUNDACION BAUTISTA ALVAREZ;0.00
ARNOIA;Y40;FUNDACION BBVA;0.00
ARNOIA;151;FUNDACION CAIXA GALICIA;0.00
ARNOIA;922;FUNDACION CONFEMETAL;0.00
ARNOIA;M66;FUNDACION ECOEM;0.00
ARNOIA;379;FUNDACION GERMAN SANCHEZ;0.00
ARNOIA;179;FUNDACION JOSE MANUEL LARA;0.00
ARNOIA;L62;FUNDACION NOVONEIRA;0.00
ARNOIA;612;FUNDACION OTERO PEDRAYO;0.00
ARNOIA;C36;FUNDACION ROSALIA DE CASTRO;0.00
ARNOIA;I04;FUNDACION SANTANDER;0.00
ARNOIA;L64;FUNDACION VICENTE RISCO;0.00
ARNOIA;258;FUNDAMENTOS EDITORIAL;0.00
ARNOIA;P96;GABOL, S.L.;0.00
ARNOIA;324;GADIR EDITORIAL;0.00
ARNOIA;745;GAIA;0.00
ARNOIA;63;GALAXIA;0.00
ARNOIA;Y15;GALAXIA;0.00
ARNOIA;731;GALAXIA GUTENBERG;0.00
ARNOIA;C40;GALAXIA GUTENBERG CATALAN;0.00
ARNOIA;I09;GALERADA;0.00
ARNOIA;700;GALINOVA EDITORIAL S.L.;0.00
ARNOIA;605;GALIZA SEMPRE;0.00
ARNOIA;971;GALLAND;0.00
ARNOIA;220;GALLIMARD;0.00
ARNOIA;L34;GALLIMARD;0.00
ARNOIA;B61;GALLO NERO;0.00
ARNOIA;Y61;GANDHI;0.00
ARNOIA;J71;GARCETA;0.00
ARNOIA;L47;GARHERVE;0.00
ARNOIA;566;GARNET EDUCATION;0.00
ARNOIA;225;GARNIER;0.00
ARNOIA;F81;GARZANTI;0.00
ARNOIA;457;GASTROMEDIA;0.00
ARNOIA;Q12;GATO DE HOJALATA;0.00
ARNOIA;H75;GAUDETE;0.00
ARNOIA;323;GEDISA EDITORIAL;0.00
ARNOIA;E06;GENERAL EDICIONES ARQUITECTURA;0.00
ARNOIA;B81;GENERALITAT DE CATALUNYA;0.00
ARNOIA;L51;GENIS CARRERAS;0.00
ARNOIA;776;GEOESTEL;0.00
ARNOIA;C32;GEOPLANETA;0.00
ARNOIA;E78;GEORGE BLANC;0.00
ARNOIA;Y23;GERAÇAO EDITORIAL;0.00
ARNOIA;G63;GESFOMEDIA;0.00
ARNOIA;682;GESTION 2000;0.00
ARNOIA;970;GIGAMESH;0.00
ARNOIA;D25;GILTZA;0.00
ARNOIA;O74;GILUZ EDICIONES;0.00
ARNOIA;P64;GIOTTO;0.00
ARNOIA;M59;GIRASOL EDIÇOES;0.00
ARNOIA;J90;GIUNTI EDITORE;0.00
ARNOIA;G98;GLENAT EDITORIAL;0.00
ARNOIA;187;GLENAT EDITORIAL;0.00
ARNOIA;M61;GLENAT FRANCES;0.00
ARNOIA;O46;GLIA;0.00
ARNOIA;E21;GLOBAL ELT.(ANDREW BETSIS ELT);0.00
ARNOIA;K15;GLOBAL MARKETING ESTRATEGIS;0.00
ARNOIA;763;GLOBAL RHYTHM PRESS;0.00
ARNOIA;P72;GLOBAMAS, S.L.;0.00
ARNOIA;A43;GONDO;0.00
ARNOIA;L75;GOODBOOKS;0.00
ARNOIA;948;GOTA A GOTA;0.00
ARNOIA;X07;GOULA;0.00
ARNOIA;366;GOURMANDIA;0.00
ARNOIA;Q47;GRADIVA PUBLICAÇOES;0.00
ARNOIA;865;GRAFEIN;0.00
ARNOIA;B95;GRAFICAS GALILEO;0.00
ARNOIA;P42;GRAFOPLAS;0.00
ARNOIA;P89;GRAFOPLAS DISEÑO;0.00
ARNOIA;G41;GRAM;0.00
ARNOIA;L99;GRAM NEXO;0.00
ARNOIA;644;GRANICA;0.00
ARNOIA;F94;GRANO MOSTAZA;0.00
ARNOIA;E13;GRAO;0.00
ARNOIA;D49;GRATA;0.00
ARNOIA;B44;GRAZALEMA;0.00
ARNOIA;55;GREDOS, S.A.;0.00
ARNOIA;O45;GREGAL;0.00
ARNOIA;I34;GREGAL (CATALAN);0.00
ARNOIA;Q36;GROH;0.00
ARNOIA;834;GRUP D'ART ESCOLA,SL;0.00
ARNOIA;A78;GRUP PROMOTOR;0.00
ARNOIA;A77;GRUP PROMOTOR;0.00
ARNOIA;G90;GRUPO ASIS BIOMEDIA;0.00
ARNOIA;Q78;GRUPO CHEVERE;0.00
ARNOIA;O85;GRUPO ED.PRENSA MPG;0.00
ARNOIA;E09;GRUPO EDIT.33;0.00
ARNOIA;933;GRUPO EDIT.UNIVERSITARIO (GEU);0.00
ARNOIA;F63;GUADALMAZAN;0.00
ARNOIA;911;GUADALTURIA;0.00
ARNOIA;B04;GUADIEL;0.00
ARNOIA;670;GUERRA EDIZIONI;0.00
ARNOIA;744;GUIA CAMPSA;0.00
ARNOIA;Q57;GUIMARAES EDITORA;0.00
ARNOIA;I89;GUIVERNY;0.00
ARNOIA;G65;GULAAB;0.00
ARNOIA;B66;GUSTAVO GILI;0.00
ARNOIA;E24;GUY TREDANIEL;0.00
ARNOIA;384;H.BLUME;0.00
ARNOIA;F01;HABLA CON EÑE;0.00
ARNOIA;209;HACHETTE;0.00
ARNOIA;R13;HACHETTE LITTERATURE;0.00
ARNOIA;2;HACHETTE SGEL;0.00
ARNOIA;L11;HADES;0.00
ARNOIA;K72;HAKUSUISHA;0.00
ARNOIA;782;HALLMARK CARDS;0.00
ARNOIA;F08;HANBAN;0.00
ARNOIA;X12;HAPE;0.00
ARNOIA;Q92;HARA PRESS;0.00
ARNOIA;K95;HARLEQUIN;0.00
ARNOIA;610;HARLEQUIN  -TOP NOVEL;0.00
ARNOIA;H92;HARMONIA MUNDI;0.00
ARNOIA;120;HARPER COLLINS;0.00
ARNOIA;B54;HARPER PERENNIAL;0.00
ARNOIA;K01;HARTY EDITORIAL;0.00
ARNOIA;229;HATIER  -DIDIER;0.00
ARNOIA;M45;HAY HOUSE;0.00
ARNOIA;24;HEINEMANN;0.00
ARNOIA;136;HEINEMANN;0.00
ARNOIA;Q54;HEINEMANN EDUCATIONAL;0.00
ARNOIA;876;HEINLE;0.00
ARNOIA;940;HELBLING;0.00
ARNOIA;466;HERCE;0.00
ARNOIA;H18;HERCULES EDICIONES;0.00
ARNOIA;C01;HERDER;0.00
ARNOIA;J09;HERMIDA;0.00
ARNOIA;H63;HIDRA;0.00
ARNOIA;845;HIDRA;0.00
ARNOIA;F73;HIPERION;0.00
ARNOIA;445;HIRU;0.00
ARNOIA;413;HISPANO EUROPEA;0.00
ARNOIA;D94;HOAC;0.00
ARNOIA;109;HODDER & STOUGHTON;0.00
ARNOIA;X10;HOGUEIT;0.00
ARNOIA;I86;HOJA DE LATA;0.00
ARNOIA;G25;HOJAS DE LUZ;0.00
ARNOIA;897;HOMBRE DEL SACO, EL;0.00
ARNOIA;348;HOMOLEGENS EDITORIAL;0.00
ARNOIA;60;HORAS Y HORAS;0.00
ARNOIA;F25;HORSORI;0.00
ARNOIA;O77;HORUS EDITORIAL;0.00
ARNOIA;926;HOTELPAPEL;0.00
ARNOIA;302;HUEBER;0.00
ARNOIA;F72;HUERGA Y FIERRO EDITORES;0.00
ARNOIA;M02;HUGIN E MUNIN;0.00
ARNOIA;F10;HUMANITAS;0.00
ARNOIA;M86;HUMUS;0.00
ARNOIA;F71;IBAIZABAL;0.00
ARNOIA;E72;IBERICAS EDICIONES;0.00
ARNOIA;C68;IBEROAMERICANA   - VERVUERT;0.00
ARNOIA;P51;IBERPLAS;0.00
ARNOIA;L18;IBV;0.00
ARNOIA;I67;IC;0.00
ARNOIA;916;ICARIA;0.00
ARNOIA;272;ICCE PUBLICACIONES;0.00
ARNOIA;K17;ICEX;0.00
ARNOIA;468;ICM;0.00
ARNOIA;M67;IDAMPA;0.00
ARNOIA;C74;IDEA BOOKS;0.00
ARNOIA;E26;IDEA EDICIONES;0.00
ARNOIA;L30;IDEAMUSICA;0.00
ARNOIA;518;IDEASPROPIAS;0.00
ARNOIA;Y30;IDEASPROPIAS;0.00
ARNOIA;D22;IDEAZAPATO;0.00
ARNOIA;C98;IEV;0.00
ARNOIA;Q90;IFEELBOOK;0.00
ARNOIA;Y03;IGADI;0.00
ARNOIA;F30;IGITUR;0.00
ARNOIA;L87;IGN;0.00
ARNOIA;510;IGN.INSTITUTO GEOGRAFICO NAC.;0.00
ARNOIA;847;IKUSAGER;0.00
ARNOIA;F90;IL MULINO;0.00
ARNOIA;L13;ILARION;0.00
ARNOIA;F40;ILUSBOOK;0.00
ARNOIA;330;ILUSTRAE EDITORIAL;0.00
ARNOIA;L22;IMAGE BOOKS;0.00
ARNOIA;D23;IMAGICA;0.00
ARNOIA;Q62;IMAGINA EDITORS;0.00
ARNOIA;A06;IMAGINARIUM;0.00
ARNOIA;E14;IMAGINARIUM;0.00
ARNOIA;D58;IMAGINARIUM CATALAN;0.00
ARNOIA;563;IMAGINE EDICIONES;0.00
ARNOIA;D54;IMAGINE PRESS;0.00
ARNOIA;P14;IMEDIO;0.00
ARNOIA;H64;IMPEDIMENTA;0.00
ARNOIA;407;IMPEDIMENTA;0.00
ARNOIA;M79;IMPRENSA CIENCIAS SOCIAIS;0.00
ARNOIA;M84;IMPRENSA NACIONAL CASA MOEDA;0.00
ARNOIA;K10;IMPRENTA ROMEU;0.00
ARNOIA;501;IMPRESSORS.(MAPES NAVEGACIO);0.00
ARNOIA;I07;IMPULS A L'ACCIO SOCIAL;0.00
ARNOIA;C09;IMSER SIGLO;0.00
ARNOIA;YA1;IN  -VERSO;0.00
ARNOIA;F31;INAP;0.00
ARNOIA;996;INDE;0.00
ARNOIA;C89;INDEX BOOK;0.00
ARNOIA;B36;INDICIOS;0.00
ARNOIA;F54;INDIGO;0.00
ARNOIA;293;INEDITOR EDITORIAL;0.00
ARNOIA;I02;INFIESTA EDITOR;0.00
ARNOIA;O44;INFIMA;0.00
ARNOIA;887;INFOVA;0.00
ARNOIA;D50;INGRAF;0.00
ARNOIA;J60;INNOVASERIES;0.00
ARNOIA;P18;INOXCROM;0.00
ARNOIA;A33;INREVES;0.00
ARNOIA;978;INST.CIENCIAS POL.Y SOCIALES;0.00
ARNOIA;E58;INST.ESTUDIOS ALMERIENSES;0.00
ARNOIA;G30;INST.ESTUDIOS TUROLENSES;0.00
ARNOIA;I08;INST.MUN.DEL PAISATGE URBA;0.00
ARNOIA;P52;INSTANT;0.00
ARNOIA;M81;INSTITURO SUPERIOR CIENCIAS;0.00
ARNOIA;D01;INSTITUT D´ESTUDIS CATALANS;0.00
ARNOIA;K60;INSTITUTO GALEGO HISTORIA;0.00
ARNOIA;G10;INSTITUTO SALAZAR Y CASTRO;0.00
ARNOIA;I18;INSTITUTO UROLOGICO MADRILEÑO;0.00
ARNOIA;Y68;INTECH (IBD);0.00
ARNOIA;582;INTEGRAL;0.00
ARNOIA;A17;INTERDIX GALICIA;0.00
ARNOIA;456;INTERFOLIO;0.00
ARNOIA;A95;INTERVENCION CULTURAL ED.;0.00
ARNOIA;D19;INVISIBLES EDICIONES;0.00
ARNOIA;907;IORTV;0.00
ARNOIA;854;IPUNTO;0.00
ARNOIA;G27;IRREVERENTES;0.00
ARNOIA;F02;ISLA DE SILTONLA;0.00
ARNOIA;G95;ISTHAR;0.00
ARNOIA;K85;ISTHAR LUNA  -SOL;0.00
ARNOIA;286;ISTMO;0.00
ARNOIA;O29;ITEM AGA;0.00
ARNOIA;D56;ITSIMAGICAL;0.00
ARNOIA;A45;IUSTEL;0.00
ARNOIA;O37;IV CENTENARIO;0.00
ARNOIA;Q33;IVAN R.DEE PUBLISHER;0.00
ARNOIA;M03;IVAN SENDE GOMEZ;0.00
ARNOIA;H76;IVORYPRESS;0.00
ARNOIA;C33;IVREA;0.00
ARNOIA;M33;IWANAMI SHOTEN;0.00
ARNOIA;C51;IXO;0.00
ARNOIA;I01;IZANA EDITORES;0.00
ARNOIA;357;J DE J EDITORES;0.00
ARNOIA;O83;J'AI LU;0.00
ARNOIA;J81;J.C LATTES;0.00
ARNOIA;278;J.DOMINGO FERRER;0.00
ARNOIA;F82;JACA;0.00
ARNOIA;629;JAGUAR;0.00
ARNOIA;G91;JAVISA23 EDICIONES;0.00
ARNOIA;909;JC CLEMENTINE;0.00
ARNOIA;Y95;JENARO FIEIRA MOYA (IBD);0.00
ARNOIA;K74;JEREMY P.TARCHER;0.00
ARNOIA;D72;JINENTE AZUL;0.00
ARNOIA;G31;JONGLEZ;0.00
ARNOIA;D81;JOVENTUT, EDITORIAL;0.00
ARNOIA;P16;JOVI;0.00
ARNOIA;C21;JP LIBROS;0.00
ARNOIA;M53;JPM EDICIONES;0.00
ARNOIA;609;JREDITION;0.00
ARNOIA;Q72;JULLIARD;0.00
ARNOIA;451;JUNTA CASTILLA MANCHA;0.00
ARNOIA;G32;JUNTA DE ANDALUCIA;0.00
ARNOIA;I20;JUNTA DE CASTILLA Y LEON;0.00
ARNOIA;H43;JURISOFT;0.00
ARNOIA;28;JUVENTUD;0.00
ARNOIA;K96;J´AI LU;0.00
ARNOIA;E27;K&L EDICIONES;0.00
ARNOIA;J08;KABBALAH PUBLISHING;0.00
ARNOIA;956;KAILAS;0.00
ARNOIA;D18;KAIROS;0.00
ARNOIA;249;KAIROS;0.00
ARNOIA;107;KALANDRAKA;0.00
ARNOIA;798;KALANDRAKA VARIOS;0.00
ARNOIA;689;KALEGORRIA;0.00
ARNOIA;L61;KALEIDA FORMA;0.00
ARNOIA;O53;KARMA 7;0.00
ARNOIA;P23;KARMAN;0.00
ARNOIA;818;KATZ EDITORES;0.00
ARNOIA;M27;KENSINGTON;0.00
ARNOIA;M21;KHAF EDICIONES;0.00
ARNOIA;Q88;KIEPENHEUER & WITSCH;0.00
ARNOIA;E11;KIRIKO.CLUB DE LECTORES;0.00
ARNOIA;K66;KJOS;0.00
ARNOIA;552;KLETT;0.00
ARNOIA;Y17;KNS;0.00
ARNOIA;E08;KNS EDICIONES;0.00
ARNOIA;K81;KODANSHA AMERICA;0.00
ARNOIA;260;KOKINOS EDITORIAL;0.00
ARNOIA;Q61;KOKORO;0.00
ARNOIA;I15;KOLIMA;0.00
ARNOIA;B48;KOLIREN;0.00
ARNOIA;32;KONEMANN;0.00
ARNOIA;D65;KRAKEN;0.00
ARNOIA;I81;KRILLER 71 EDICIONES;0.00
ARNOIA;Q35;KRISTAL;0.00
ARNOIA;YA3;KRISTAL EDITORIAL;0.00
ARNOIA;D28;KRK EDICIONES;0.00
ARNOIA;O87;KUMON PUBLISHING;0.00
ARNOIA;J94;KUROSHIO SHUPPAN;0.00
ARNOIA;A79;L'ALBI;0.00
ARNOIA;L96;L'ALTRA EDITORIAL;0.00
ARNOIA;M12;L'AVENÇ;0.00
ARNOIA;K37;L'EIXAM;0.00
ARNOIA;698;L'EIXAM EDICIONS S.L.;0.00
ARNOIA;F67;L'ERMA DI BRETSCHEIDER;0.00
ARNOIA;A29;LA CAMPANA;0.00
ARNOIA;B52;LA CAMPANA;0.00
ARNOIA;A19;LA CASA DE AJEDREZ;0.00
ARNOIA;A31;LA CATARATA;0.00
ARNOIA;D17;LA CENTRAL;0.00
ARNOIA;174;LA COCCINELLA;0.00
ARNOIA;Y25;LA CUNETA;0.00
ARNOIA;397;LA CUPULA;0.00
ARNOIA;G47;LA DESCLOSA;0.00
ARNOIA;F70;LA DISCRETA;0.00
ARNOIA;421;LA FABRICA;0.00
ARNOIA;B92;LA FABRICA (CATALAN);0.00
ARNOIA;Q30;LA FRAGANTINA;0.00
ARNOIA;Q52;LA FUGA EDICIONES;0.00
ARNOIA;486;LA GALERA;0.00
ARNOIA;B46;LA GALERA (CATALAN);0.00
ARNOIA;987;LA LEY;0.00
ARNOIA;J89;LA LIBRERIA;0.00
ARNOIA;M06;LA LINEA DEL HORIZONTE;0.00
ARNOIA;C25;LA LLAVE;0.00
ARNOIA;M15;LA LLUVIA;0.00
ARNOIA;974;LA MAGRANA;0.00
ARNOIA;Q38;LA MANO CORNUTTA;0.00
ARNOIA;O97;LA MICRO;0.00
ARNOIA;C16;LA MURALLA;0.00
ARNOIA;D32;LA OFICINA;0.00
ARNOIA;883;LA OSA MENOR;0.00
ARNOIA;M22;LA OVEJA ROJA;0.00
ARNOIA;I98;LA PAGINA EDICIONES;0.00
ARNOIA;Y13;LA PATUMAIRE;0.00
ARNOIA;739;LA SPIGA LANGUAGES;0.00
ARNOIA;Q42;LA TEMERARIA;0.00
ARNOIA;143;LA TOMBOLA, EDITORIAL;0.00
ARNOIA;886;LA VANGUARDIA;0.00
ARNOIA;674;LA VELA;0.00
ARNOIA;M63;LA VIAJERA;0.00
ARNOIA;I62;LA XARA;0.00
ARNOIA;B21;LABERINTO TEXTO;0.00
ARNOIA;M96;LABREU;0.00
ARNOIA;A89;LABUTXACA;0.00
ARNOIA;186;LADYBIRD;0.00
ARNOIA;D02;LAERTES;0.00
ARNOIA;M94;LAERTES;0.00
ARNOIA;936;LAETOLI;0.00
ARNOIA;G42;LAIA LIBROS;0.00
ARNOIA;Y93;LAIOVENTO (IBD);0.00
ARNOIA;706;LAIOVENTO, S.L.;0.00
ARNOIA;844;LAMELA;0.00
ARNOIA;Q41;LAMPREAVE;0.00
ARNOIA;L53;LANDOA;0.00
ARNOIA;Y35;LANDOA;0.00
ARNOIA;O86;LANGDON STREET;0.00
ARNOIA;872;LANGRE;0.00
ARNOIA;Y77;LANTIA PUBLISHING (IBD);0.00
ARNOIA;M43;LAPSUS CALAMI;0.00
ARNOIA;O61;LARMBOOKS;0.00
ARNOIA;294;LAROUSSE;0.00
ARNOIA;328;LARRAURI;0.00
ARNOIA;G60;LATA DE SAL;0.00
ARNOIA;G59;LATA DE SAL;0.00
ARNOIA;F88;LATERZA SCOLASTICA;0.00
ARNOIA;H41;LATINBOOKS;0.00
ARNOIA;D55;LAVENGRO BOOKS;0.00
ARNOIA;B40;LE MONNIER;0.00
ARNOIA;205;LE ROBERT;0.00
ARNOIA;793;LE ROBERT;0.00
ARNOIA;455;LEA EDICIONES;0.00
ARNOIA;J82;LEBON;0.00
ARNOIA;A39;LECTIO;0.00
ARNOIA;D68;LECTIO;0.00
ARNOIA;G16;LEEME;0.00
ARNOIA;G22;LEGUA EDITORIAL;0.00
ARNOIA;R06;LELLO;0.00
ARNOIA;J19;LEMO;0.00
ARNOIA;270;LENGUA DE TRAPO EDITORIAL;0.00
ARNOIA;L82;LENOIR;0.00
ARNOIA;J16;LEQTOR;0.00
ARNOIA;452;LEQTOR UNIVERSAL;0.00
ARNOIA;K19;LETTERLAND;0.00
ARNOIA;H42;LEX NOVA;0.00
ARNOIA;K38;LEYA;0.00
ARNOIA;F61;LIBERTARIAS PRODHUFI;0.00
ARNOIA;O43;LIBRALIA;0.00
ARNOIA;M72;LIBRE ALBEDRIO;0.00
ARNOIA;E54;LIBRERIA ARGENTINA;0.00
ARNOIA;626;LIBRERIA UNIVERSITARIA (LU);0.00
ARNOIA;J78;LIBRERO;0.00
ARNOIA;A54;LIBRI;0.00
ARNOIA;J32;LIBROOKS;0.00
ARNOIA;R12;LIBROOKS;0.00
ARNOIA;787;LIBROS COCINA MARIA LUISA;0.00
ARNOIA;L78;LIBROS CON MIGA;0.00
ARNOIA;F32;LIBROS CRUDOS;0.00
ARNOIA;863;LIBROS DE CABECERA;0.00
ARNOIA;L79;LIBROS DE OFICIO;0.00
ARNOIA;J61;LIBROS DE PIZARRA;0.00
ARNOIA;J01;LIBROS DE SEDA;0.00
ARNOIA;G70;LIBROS DE VANGUARDIA (CATALAN);0.00
ARNOIA;F69;LIBROS DEL K.O;0.00
ARNOIA;H90;LIBROS DEL OLIVO;0.00
ARNOIA;958;LIBROS DEL SILENCIO;0.00
ARNOIA;867;LIBROS DEL ZORRO ROJO;0.00
ARNOIA;A51;LIBROS DEL ZORZAL;0.00
ARNOIA;165;LIBROS LIBRES;0.00
ARNOIA;Y91;LIBROS LIBRES (IBD);0.00
ARNOIA;F96;LIBROS PORTICO;0.00
ARNOIA;303;LIBROS VARIOS;0.00
ARNOIA;M14;LIBRUM TREMENS;0.00
ARNOIA;914;LIBSA;0.00
ARNOIA;A47;LID;0.00
ARNOIA;C12;LIDEL;0.00
ARNOIA;Q94;LIDEL SAUDE;0.00
ARNOIA;C24;LIEBRE DE MARZO;0.00
ARNOIA;H65;LINCE;0.00
ARNOIA;B10;LINGUA LUDICA;0.00
ARNOIA;J53;LINKGUA;0.00
ARNOIA;I91;LINKS BOOKS;0.00
ARNOIA;777;LINTEO;0.00
ARNOIA;Q81;LINTERNA SORDA;0.00
ARNOIA;E33;LIPPINCOTT WILLIAMS & WILKINS;0.00
ARNOIA;M68;LISBOA EDITORA;0.00
ARNOIA;671;LISMA EDICIONES;0.00
ARNOIA;202;LISMA EDICIONES;0.00
ARNOIA;I87;LITERA;0.00
ARNOIA;320;LITERATURA GRIS;0.00
ARNOIA;846;LITORAL;0.00
ARNOIA;Q75;LITTLE BROWN;0.00
ARNOIA;M00;LIVRE DE POCHE;0.00
ARNOIA;Q89;LIVROS BRASIL;0.00
ARNOIA;301;LKG.LANGENSCHEIDT;0.00
ARNOIA;760;LLAUT/LLAGUT;0.00
ARNOIA;Q08;LLEONARD MUNTANER;0.00
ARNOIA;H66;LLIBRES DE L'INDEX;0.00
ARNOIA;O11;LLIBRES DELICTE;0.00
ARNOIA;B13;LO QUE NO EXISTE;0.00
ARNOIA;P58;LOAN;0.00
ARNOIA;P11;LOCTITE;0.00
ARNOIA;P87;LOCTITE;0.00
ARNOIA;R10;LOEWE VERLAG;0.00
ARNOIA;G02;LOGI  -LIBROS;0.00
ARNOIA;C65;LOGINTEGRAL;0.00
ARNOIA;208;LOGUEZ EDICIONES;0.00
ARNOIA;Y26;LOM EDICIONES;0.00
ARNOIA;Q49;LONGANESI;0.00
ARNOIA;118;LONGMAN;0.00
ARNOIA;891;LOS CUATRO AZULES;0.00
ARNOIA;H14;LOSTREGO;0.00
ARNOIA;636;LOTE;0.00
ARNOIA;Q28;LUA DE PAPEL;0.00
ARNOIA;461;LUAL EDICIONES;0.00
ARNOIA;Q11;LUBBE;0.00
ARNOIA;142;LUCA DE TENA;0.00
ARNOIA;O14;LUCERNA;0.00
ARNOIA;E23;LUCES GALIBO;0.00
ARNOIA;J83;LUCIERNAGA CATALAN;0.00
ARNOIA;11;LUCIERNAGA EDICIONES;0.00
ARNOIA;500;LUMEN;0.00
ARNOIA;G76;LUNARIO;0.00
ARNOIA;699;LUNWERG EDITORES;0.00
ARNOIA;C95;LUPITA BOOKS;0.00
ARNOIA;C62;LUPITA BOOKS;0.00
ARNOIA;I92;LUSO  -ESPAÑOLA DE EDICIONES;0.00
ARNOIA;Y97;LXL EDITORIAL;0.00
ARNOIA;858;LYNX;0.00
ARNOIA;L57;LYNX HANDBOOK;0.00
ARNOIA;P66;LYRA;0.00
ARNOIA;B22;L´ARCA;0.00
ARNOIA;F59;L´AUDITORI;0.00
ARNOIA;A82;L´ENCICLOPEDIA;0.00
ARNOIA;Y71;M  -YBOOKS.CO.UK (IBD);0.00
ARNOIA;M50;MACADAN;0.00
ARNOIA;R03;MACAO EDITORA;0.00
ARNOIA;K14;MACBA;0.00
ARNOIA;145;MACMILLAN;0.00
ARNOIA;YA9;MACRO EDITORIAL (IBD);0.00
ARNOIA;M26;MACRO EDIZIONI;0.00
ARNOIA;J34;MAD IS MAD SL;0.00
ARNOIA;781;MAEVA EDICIONES;0.00
ARNOIA;K67;MAGAZZINI SALANI;0.00
ARNOIA;P21;MAGIC FLYER;0.00
ARNOIA;43;MAGISTERIO;0.00
ARNOIA;E18;MAIA;0.00
ARNOIA;F83;MAINOME;0.00
ARNOIA;K51;MAISON DES LANGUES;0.00
ARNOIA;279;MALABAR EDITORIAL;0.00
ARNOIA;O55;MALES HERBES;0.00
ARNOIA;H67;MALHIVERN;0.00
ARNOIA;O39;MALHIVERN;0.00
ARNOIA;O66;MALINKA;0.00
ARNOIA;M35;MALPASO;0.00
ARNOIA;M11;MANANTIAL;0.00
ARNOIA;Q27;MANCHESTER UP;0.00
ARNOIA;E51;MANDALA;0.00
ARNOIA;Q40;MANDALA (MARC AMS);0.00
ARNOIA;990;MANDRAGORA;0.00
ARNOIA;P73;MANIPULADOS ZORRILLA;0.00
ARNOIA;P34;MANLEY;0.00
ARNOIA;O27;MANNING;0.00
ARNOIA;Y64;MANOLE EDITORA;0.00
ARNOIA;F07;MANUAL MODERNO;0.00
ARNOIA;195;MAPES DE NAVEGACIO S.L.;0.00
ARNOIA;56;MAPFRE;0.00
ARNOIA;H34;MAPFRE  -COLEX;0.00
ARNOIA;R05;MAR DA PALAVRA;0.00
ARNOIA;F62;MAR EDITOR;0.00
ARNOIA;200;MARABOUT;0.00
ARNOIA;Q13;MARAVILLAS DE;0.00
ARNOIA;K79;MARBAN;0.00
ARNOIA;H68;MARBOT;0.00
ARNOIA;576;MARBOT;0.00
ARNOIA;J24;MARCIAL PONS;0.00
ARNOIA;947;MARCIAL PONS;0.00
ARNOIA;E48;MARCIAL PONS;0.00
ARNOIA;H88;MARCIANAS EDICIONES;0.00
ARNOIA;B45;MARCOMBO;0.00
ARNOIA;57;MARE NOSTRUM;0.00
ARNOIA;463;MARFIL;0.00
ARNOIA;H44;MARGE BOOKS;0.00
ARNOIA;P83;MARIOLA;0.00
ARNOIA;C77;MARJAL;0.00
ARNOIA;875;MARLOW;0.00
ARNOIA;546;MARTINEZ ROCA;0.00
ARNOIA;E84;MARVEL;0.00
ARNOIA;132;MARY GLASGOW MAGAZINES;0.00
ARNOIA;Y85;MASONICA (IBD);0.00
ARNOIA;403;MASPE;0.00
ARNOIA;611;MAXIMINO FERNANDEZ SENDIN;0.00
ARNOIA;C23;MAXTOR;0.00
ARNOIA;332;MC GRAW HILL INTERAMERICANA;0.00
ARNOIA;C07;MCSPORTS, SL;0.00
ARNOIA;G68;MCU MINISTERIO CULTURA;0.00
ARNOIA;G38;MD INTERIOR;0.00
ARNOIA;G89;ME SAIF;0.00
ARNOIA;A90;MEDIALIVE;0.00
ARNOIA;G58;MEDICI;0.00
ARNOIA;E95;MEDITERRANIA;0.00
ARNOIA;298;MELUSINA EDITORIAL;0.00
ARNOIA;615;MEMORIA ARTIUM;0.00
ARNOIA;C45;MENOSCUARTO;0.00
ARNOIA;B35;MENSAJERO;0.00
ARNOIA;C87;MERAN;0.00
ARNOIA;F98;MESTAS EDICIONES;0.00
ARNOIA;B20;METAFORA;0.00
ARNOIA;D66;METEORA;0.00
ARNOIA;Q44;METEORA;0.00
ARNOIA;218;MICHELIN;0.00
ARNOIA;O08;MICOMICONA EDICIONES;0.00
ARNOIA;555;MIDAC VARIOS;0.00
ARNOIA;E79;MIGUEL GOMEZ EDICIONES;0.00
ARNOIA;A21;MIL Y UN CUENTOS;0.00
ARNOIA;P29;MILAN;0.00
ARNOIA;P90;MILAN DISEÑO;0.00
ARNOIA;H87;MILENIO EDITORIAL;0.00
ARNOIA;Q68;MILRAZONES;0.00
ARNOIA;A83;MINA;0.00
ARNOIA;G08;MINIST.EDUCACION,CULTURA Y DEP;0.00
ARNOIA;K54;MINISTERIO DE FOMENTO;0.00
ARNOIA;243;MINUIT;0.00
ARNOIA;C90;MINUSCULA;0.00
ARNOIA;264;MINUSCULA EDITORIAL;0.00
ARNOIA;P59;MIQUELRIUS;0.00
ARNOIA;42;MIRA EDITORES,S.A.;0.00
ARNOIA;596;MIRAGUANO;0.00
ARNOIA;M23;MIRET;0.00
ARNOIA;G94;MIRET EDITORIAL;0.00
ARNOIA;B62;MIRMANDA;0.00
ARNOIA;627;MISCELANEA EDITORES;0.00
ARNOIA;683;MIXING;0.00
ARNOIA;M74;MK3 EDICIONES;0.00
ARNOIA;741;MM PUBLICATIONS;0.00
ARNOIA;G09;MNAC;0.00
ARNOIA;874;MODUS LABORANDI;0.00
ARNOIA;K91;MOITO CONTON;0.00
ARNOIA;59;MOLINO;0.00
ARNOIA;Y87;MOLWICK (IBD);0.00
ARNOIA;Q43;MON DE LLIBRES;0.00
ARNOIA;315;MONDADORI;0.00
ARNOIA;F84;MONDADORI ARNOLDO;0.00
ARNOIA;870;MONO AZUL;0.00
ARNOIA;D82;MONSA;0.00
ARNOIA;H38;MONTAÑAS DE PAPEL;0.00
ARNOIA;C80;MONTE CARMELO;0.00
ARNOIA;473;MONTENA;0.00
ARNOIA;783;MONTESINOS;0.00
ARNOIA;P53;MONTICHELVO;0.00
ARNOIA;J75;MONTSE FAJARDO;0.00
ARNOIA;C79;MORA ENCANTADA;0.00
ARNOIA;684;MORANSAL;0.00
ARNOIA;275;MORATA EDITORIAL;0.00
ARNOIA;G43;MORSA;0.00
ARNOIA;G79;MOSBY;0.00
ARNOIA;590;MUCHNIK  -EL ALEPH;0.00
ARNOIA;F12;MULTIMEDICA;0.00
ARNOIA;B32;MUNDIPRENSA;0.00
ARNOIA;H37;MUNDO CONOCIDO;0.00
ARNOIA;M51;MUNDO VEGETARIANO;0.00
ARNOIA;B09;MUNDOS EPICOS;0.00
ARNOIA;I94;MURALI;0.00
ARNOIA;O65;MURALI;0.00
ARNOIA;H84;MYCELIA BOOKS;0.00
ARNOIA;P56;MYRGA;0.00
ARNOIA;Y10;MYTHICA EDICIONES;0.00
ARNOIA;A15;N.A (NUEVA ACROPOLIS);0.00
ARNOIA;572;NABLA EDICIONES;0.00
ARNOIA;L80;NABU PRESS;0.00
ARNOIA;852;NADAL  -ARCADA S.L.;0.00
ARNOIA;925;ÑAQUE;0.00
ARNOIA;C27;NARCEA;0.00
ARNOIA;D06;NARVAL;0.00
ARNOIA;691;NATIONAL GEOGRAPHIC;0.00
ARNOIA;F99;NATURAL EDICIONES;0.00
ARNOIA;A48;NATURART;0.00
ARNOIA;935;NAU LLIBRES;0.00
ARNOIA;L27;NAUCLERO;0.00
ARNOIA;A11;NAUSICAA;0.00
ARNOIA;152;NAUTICAFACIL;0.00
ARNOIA;I39;NAUTILUS COMUNICACIO Y CULTURA;0.00
ARNOIA;L03;NAVONA;0.00
ARNOIA;L07;NED EDICIONES;0.00
ARNOIA;F47;NEED EDICIONES;0.00
ARNOIA;412;NEFER EDITORIAL;0.00
ARNOIA;178;NELSON;0.00
ARNOIA;Y57;NEMESIO NOREÑA ORTIZ;0.00
ARNOIA;J56;NEO  -PERSON;0.00
ARNOIA;593;NEREA;0.00
ARNOIA;Y47;NEUROSALES;0.00
ARNOIA;L88;NEVERLAND;0.00
ARNOIA;B01;NEVSKY PROSPECTS;0.00
ARNOIA;Q84;NEW ERA PUBLICATIONS;0.00
ARNOIA;577;NGV VEMAG  -VERLAGS;0.00
ARNOIA;H48;NIGRA  -TREA;0.00
ARNOIA;Q50;NINTH EDITORIAL;0.00
ARNOIA;915;NIVOLA;0.00
ARNOIA;G92;NOA EDICIONES;0.00
ARNOIA;547;NOBEL EDICIONES;0.00
ARNOIA;882;NOCTURNA EDICIONES;0.00
ARNOIA;485;NOGUER (INFANTIL  -JUVENIL);0.00
ARNOIA;917;NORAY;0.00
ARNOIA;H69;NORDICA;0.00
ARNOIA;284;NORDICA LIBROS;0.00
ARNOIA;838;NORMA EDITORIAL;0.00
ARNOIA;F48;NORTESUR;0.00
ARNOIA;156;NORTON;0.00
ARNOIA;242;NOSSA Y J.EDITORES;0.00
ARNOIA;589;NOTORIOUS;0.00
ARNOIA;A08;NOUS;0.00
ARNOIA;O84;NOVA CASA EDITORIAL;0.00
ARNOIA;K24;NOVA GALICIA EDICIONS;0.00
ARNOIA;O15;NOVA TERRA;0.00
ARNOIA;J57;NOVAERA;0.00
ARNOIA;454;NOW BOOKS;0.00
ARNOIA;Y46;NOW CUBA;0.00
ARNOIA;836;NOWTILUS EDITORIAL;0.00
ARNOIA;F55;NUBE DE TINTA;0.00
ARNOIA;L21;NUBEOCHO;0.00
ARNOIA;Q05;NUBEOCHO;0.00
ARNOIA;D57;NUEVAS INICIATIVAS;0.00
ARNOIA;659;NUMA EDITORIAL;0.00
ARNOIA;J50;O FAIADO;0.00
ARNOIA;E36;OB STARE;0.00
ARNOIA;Q71;OBELISCO;0.00
ARNOIA;160;OBELISCO EDICIONES;0.00
ARNOIA;687;OBERON;0.00
ARNOIA;Y63;OBERTA UOC PUBLISHING (IBD);0.00
ARNOIA;378;OBRADOIRO;0.00
ARNOIA;E07;OCEANO  -AMBAR;0.00
ARNOIA;465;OCEANO S.L.;0.00
ARNOIA;709;OCHO MEDIO;0.00
ARNOIA;D34;OCTAEDRO CATALAN;0.00
ARNOIA;483;OCTAEDRO EDICIONES;0.00
ARNOIA;A57;ODISEA;0.00
ARNOIA;G01;OERAL EDICIONES;0.00
ARNOIA;K46;OFICINA LO LIVRO;0.00
ARNOIA;B08;OK  -RECODRS;0.00
ARNOIA;B90;OLAÑETA, J.J (CATALAN);0.00
ARNOIA;321;OLAÑETA, JOSE J.DE;0.00
ARNOIA;D87;OLIVO AZUL, EL;0.00
ARNOIA;D59;OMBROSA;0.00
ARNOIA;435;OMEGA;0.00
ARNOIA;939;OMICRON EDICIONES;0.00
ARNOIA;H83;ONADA EDICIONS;0.00
ARNOIA;482;ONDA;0.00
ARNOIA;191;ONIRO, EDICIONES;0.00
ARNOIA;G66;OPEN PROJECT;0.00
ARNOIA;O38;OPERA OMNIA;0.00
ARNOIA;E98;OQO;0.00
ARNOIA;Q76;ORCHARD BOOKS;0.00
ARNOIA;Q97;OREAL EDICIONES;0.00
ARNOIA;Q53;ORFEU NEGRO;0.00
ARNOIA;211;ORIENTE MEDITERRANEO;0.00
ARNOIA;833;ORION PUBLISHING;0.00
ARNOIA;977;OSPREY;0.00
ARNOIA;880;OTRA ORILLA, LA;0.00
ARNOIA;734;OUVIRMOS, S.L.;0.00
ARNOIA;583;OXFORD;0.00
ARNOIA;29;OXFORD;0.00
ARNOIA;757;OXFORD;0.00
ARNOIA;185;OXFORD;0.00
ARNOIA;P80;OXFORD AGENDAS;0.00
ARNOIA;P40;OXFORD.CUADERNOS;0.00
ARNOIA;I50;OZ EDITORIAL;0.00
ARNOIA;O93;O´REILLY MEDIA;0.00
ARNOIA;231;P.U.F. (PUF);0.00
ARNOIA;P30;PACSA;0.00
ARNOIA;M54;PADILLA LIBROS;0.00
ARNOIA;H86;PAGES EDITORS;0.00
ARNOIA;267;PAGINAS DE ESPUMA EDITORIAL;0.00
ARNOIA;H13;PAI EDICIONS;0.00
ARNOIA;679;PAIDOTRIBO;0.00
ARNOIA;261;PAIDOTRIBO;0.00
ARNOIA;317;PAIS AGUILAR;0.00
ARNOIA;931;PALABRA;0.00
ARNOIA;K83;PALABRAS ALADAS;0.00
ARNOIA;O28;PALADIN COMMUNICATIONS;0.00
ARNOIA;H05;PALIDO FUEGO;0.00
ARNOIA;R16;PALIMAGE;0.00
ARNOIA;259;PALMYRA EDITORIAL;0.00
ARNOIA;I44;PAMIELA EDITORIAL;0.00
ARNOIA;265;PAMIES EDITORIAL;0.00
ARNOIA;469;PAN BOOKS;0.00
ARNOIA;Q14;PAN DE LETRAS;0.00
ARNOIA;427;PANAMERICA;0.00
ARNOIA;L50;PANINI;0.00
ARNOIA;170;PANINI FONDO;0.00
ARNOIA;335;PAPEL DE LIAR;0.00
ARNOIA;G44;PAPEL ESPECILA;0.00
ARNOIA;P63;PAPER MATE;0.00
ARNOIA;K49;PAPERSDOC;0.00
ARNOIA;D90;PAPILOSANTE;0.00
ARNOIA;E17;PARADIGMA;0.00
ARNOIA;K99;PARADISO GUTENBERG;0.00
ARNOIA;C06;PARANINFO;0.00
ARNOIA;Y99;PARNASS;0.00
ARNOIA;L46;PARNASS EDICIONS;0.00
ARNOIA;247;PARRAGON BOOKS LTD;0.00
ARNOIA;K34;PARRAGON INGLES;0.00
ARNOIA;601;PARRAMON;0.00
ARNOIA;F05;PARRAMON (CATALAN);0.00
ARNOIA;J76;PARSIFAL;0.00
ARNOIA;I32;PASADO & PRESENTE;0.00
ARNOIA;D40;PASADO & PRESENTE;0.00
ARNOIA;J59;PASOS PERDIDOS;0.00
ARNOIA;L44;PATAS DE PEIXE;0.00
ARNOIA;134;PCP;0.00
ARNOIA;Y33;PEARSON;0.00
ARNOIA;J91;PEDAGOGICA UNIVERSITARIA;0.00
ARNOIA;O59;PEN CLUBE DE GALICIA;0.00
ARNOIA;900;PENGUIN;0.00
ARNOIA;135;PENGUIN;0.00
ARNOIA;901;PENGUIN EL;0.00
ARNOIA;527;PENINSULA;0.00
ARNOIA;P54;PENTEL;0.00
ARNOIA;O30;PENTIAN;0.00
ARNOIA;Y80;PENTIAN LIBROS (IBD);0.00
ARNOIA;M97;PERGAMINHO;0.00
ARNOIA;162;PERGAMON;0.00
ARNOIA;D86;PERIFERIC EDICIONS;0.00
ARNOIA;269;PERIFERICA EDITORIAL;0.00
ARNOIA;I41;PETITAS DE CALABAZA;0.00
ARNOIA;P04;PETRUS;0.00
ARNOIA;A26;PHAIDON;0.00
ARNOIA;K75;PHAIDON PRESS;0.00
ARNOIA;P69;PHILIPS;0.00
ARNOIA;Q58;PI EDITORA;0.00
ARNOIA;790;PI KIDS;0.00
ARNOIA;137;PICADOR;0.00
ARNOIA;O90;PICARONA;0.00
ARNOIA;M44;PIEMME;0.00
ARNOIA;K56;PIGMALION EDYPRO;0.00
ARNOIA;295;PILA TELEÑA S.L.;0.00
ARNOIA;237;PILA TELEÑA, S.L.;0.00
ARNOIA;I65;PILES EDITORIAL;0.00
ARNOIA;P08;PILOT;0.00
ARNOIA;H22;PINTAR PINTAR;0.00
ARNOIA;G74;PINTO & CHINTO;0.00
ARNOIA;K22;PIPER EDITORIAL;0.00
ARNOIA;311;PIRAMIDE;0.00
ARNOIA;M32;PIRINEO;0.00
ARNOIA;266;PIRUETA EDITORIAL;0.00
ARNOIA;L90;PLACE DES VICTOIRES;0.00
ARNOIA;O58;PLAN B;0.00
ARNOIA;F15;PLANET;0.00
ARNOIA;430;PLANETA;0.00
ARNOIA;A85;PLANETA;0.00
ARNOIA;C84;PLANETA AGOSTINI;0.00
ARNOIA;J92;PLANETA BRAZIL;0.00
ARNOIA;B12;PLANETA INFANTIL;0.00
ARNOIA;942;PLATA;0.00
ARNOIA;H70;PLATAFORMA;0.00
ARNOIA;244;PLATAFORMA EDITORIAL;0.00
ARNOIA;R01;PLATANO;0.00
ARNOIA;E88;PLATEA;0.00
ARNOIA;L81;PLATEA EDICIONES;0.00
ARNOIA;O09;PLAY ACTITUDE;0.00
ARNOIA;O05;PLAYA DE AKABA;0.00
ARNOIA;975;PLAZA Y VALDES;0.00
ARNOIA;A34;PLEYADES;0.00
ARNOIA;I93;PNL;0.00
ARNOIA;R09;POBRE LOBO;0.00
ARNOIA;212;POCHE;0.00
ARNOIA;J37;POEBOOKS;0.00
ARNOIA;L23;POESIA SEÑOR HIDALGO;0.00
ARNOIA;J95;POINTS;0.00
ARNOIA;L98;POINTS;0.00
ARNOIA;752;POL;0.00
ARNOIA;149;POLEMICA;0.00
ARNOIA;C91;POLIEDRO;0.00
ARNOIA;994;POLIFEMO;0.00
ARNOIA;C02;POLIGRAFA;0.00
ARNOIA;Q17;PONCIANES EDICIONES;0.00
ARNOIA;864;PONENT / MON;0.00
ARNOIA;918;PONS;0.00
ARNOIA;342;POPULAR;0.00
ARNOIA;D13;PORCIA EDICIONES;0.00
ARNOIA;A86;PORTIC;0.00
ARNOIA;K41;PORTO EDITORA;0.00
ARNOIA;481;POSITIVAS;0.00
ARNOIA;P27;POST  -IT;0.00
ARNOIA;P94;POST  -IT;0.00
ARNOIA;905;POSTERMIL;0.00
ARNOIA;997;POTRUS/ARAZONIA;0.00
ARNOIA;475;PPC;0.00
ARNOIA;P88;PRAGER;0.00
ARNOIA;B29;PRAXIS;0.00
ARNOIA;C71;PRE  -TEXTOS;0.00
ARNOIA;544;PRENSA IBERICA;0.00
ARNOIA;E43;PRENSAS UNIV.ZARAGOZA;0.00
ARNOIA;E92;PRENSAS UNIVERSITARIAS;0.00
ARNOIA;171;PRENTICE;0.00
ARNOIA;O23;PRESENÇA;0.00
ARNOIA;O10;PRESENCIA EDICIONES;0.00
ARNOIA;223;PRESSES DE LA CITE;0.00
ARNOIA;235;PRESSES POCKET;0.00
ARNOIA;L35;PRESSES POCKET;0.00
ARNOIA;O51;PRIME BOOKS;0.00
ARNOIA;832;PRIMERA PERSONA;0.00
ARNOIA;J99;PRINCETON;0.00
ARNOIA;D63;PRINCIPAL;0.00
ARNOIA;B75;PRINCIPAL DE LOS LIBROS;0.00
ARNOIA;O12;PRINCIPIA;0.00
ARNOIA;P10;PRITT;0.00
ARNOIA;P85;PRITT;0.00
ARNOIA;A69;PROA EDICIONS;0.00
ARNOIA;I74;PRODIDACTA;0.00
ARNOIA;C54;PROFIT;0.00
ARNOIA;I58;PROMOLIBRO;0.00
ARNOIA;E90;PROMOPRESS;0.00
ARNOIA;E04;PROMOTORA GENERAL ESTURIDIOS;0.00
ARNOIA;F66;PROMOTORA PRENSA;0.00
ARNOIA;H71;PROTEUS;0.00
ARNOIA;B70;PROTEUS;0.00
ARNOIA;J36;PROTOCOLO EDICIONES;0.00
ARNOIA;516;PROXECTO SECULO 21;0.00
ARNOIA;P09;PRYSE;0.00
ARNOIA;H27;PUBLI CORINTI;0.00
ARNOIA;Y67;PUBLINDUSTRIA (IBD);0.00
ARNOIA;921;PUCK;0.00
ARNOIA;868;PUERTO NORTE SUR;0.00
ARNOIA;230;PUG;0.00
ARNOIA;I49;PULP BOOKS;0.00
ARNOIA;C64;PULP BOOKS;0.00
ARNOIA;M98;PUNTO EN BOCA;0.00
ARNOIA;H19;PUNTO GUE;0.00
ARNOIA;654;PUNTO LECTURA;0.00
ARNOIA;M99;PUNTO ROJO;0.00
ARNOIA;Y76;PUNTO ROJO (IBD);0.00
ARNOIA;B50;QUADERNS CREMA;0.00
ARNOIA;L09;QUALEA;0.00
ARNOIA;648;QUALIA;0.00
ARNOIA;E66;QUARENTENA EDICIONES;0.00
ARNOIA;885;QUATERNI;0.00
ARNOIA;H79;QUERALT EDICIONS, S.L.;0.00
ARNOIA;B97;QUERALT SEGUI;0.00
ARNOIA;30;QUERCETTI;0.00
ARNOIA;X15;QUERCETTI;0.00
ARNOIA;J29;QUERQUS;0.00
ARNOIA;M71;QUETZAL;0.00
ARNOIA;M76;QUID JURIS EDIÇOES;0.00
ARNOIA;Q26;QUINTA ESSENCIA;0.00
ARNOIA;F41;QUORUM;0.00
ARNOIA;M36;QVE;0.00
ARNOIA;C04;RA  -MA;0.00
ARNOIA;YA2;RA  -MA;0.00
ARNOIA;E94;RAFAEL DALMAU;0.00
ARNOIA;L69;RAICES;0.00
ARNOIA;786;RAIMA EDICIONS;0.00
ARNOIA;H74;RANDOM HOUSE;0.00
ARNOIA;O49;RASCHE;0.00
ARNOIA;H72;RAYO VERDE;0.00
ARNOIA;E47;RAYO VERDE;0.00
ARNOIA;673;RBA;0.00
ARNOIA;F92;RC LIBROS;0.00
ARNOIA;Q67;READY BOOKS;0.00
ARNOIA;738;REAL ACADEMIA ESPAÑOLA (RAE);0.00
ARNOIA;Y37;REAL ACADEMIA GALEGA;0.00
ARNOIA;216;REAL ACADEMIA GALEGA (RAG);0.00
ARNOIA;I17;REAL MUSICAL;0.00
ARNOIA;H21;REDELIBROS;0.00
ARNOIA;930;REDITAR;0.00
ARNOIA;G24;REGIONAL DE EXTREMADURA;0.00
ARNOIA;476;REINO DE CORDELIA;0.00
ARNOIA;46;REINO DE REDONDA;0.00
ARNOIA;839;RENACIMIENTO;0.00
ARNOIA;K94;RENE ALBERT EDITIONS;0.00
ARNOIA;P82;RENOLIT HISPANIA;0.00
ARNOIA;L02;REPLICAÇAO;0.00
ARNOIA;Q31;RESERVOIR BOOKS;0.00
ARNOIA;I43;RESIDENCIA DE ESTUDIANTES;0.00
ARNOIA;O32;RETRANCA EDICIONS;0.00
ARNOIA;F65;REUS;0.00
ARNOIA;414;REVERTE;0.00
ARNOIA;J77;REVETLLAT;0.00
ARNOIA;L38;REVISTA LUZES;0.00
ARNOIA;285;REY LEAR;0.00
ARNOIA;Y32;RFE EDITORA;0.00
ARNOIA;C28;RIALP;0.00
ARNOIA;34;RICHMOND;0.00
ARNOIA;375;RICHMOND;0.00
ARNOIA;H49;RIDGEN;0.00
ARNOIA;Y54;RIL EDITORES;0.00
ARNOIA;773;RINOCERONTE EDITORA S.L.;0.00
ARNOIA;F18;RIPANO;0.00
ARNOIA;192;RISCK;0.00
ARNOIA;L40;RIZZOLI;0.00
ARNOIA;976;RM VERLAG;0.00
ARNOIA;Q85;ROADS PUBLISHING;0.00
ARNOIA;47;ROBINBOOK EDICIONES;0.00
ARNOIA;736;ROCA EDITORIAL;0.00
ARNOIA;M01;ROCABOLSILLO;0.00
ARNOIA;Q79;RODALE PRESS;0.00
ARNOIA;252;RODEIRA;0.00
ARNOIA;K11;RODENO;0.00
ARNOIA;Y88;RODIO EDICIONES;0.00
ARNOIA;893;ROM EDITORS;0.00
ARNOIA;F33;ROMANA EDITORIAL;0.00
ARNOIA;972;ROMPECABEZAS;0.00
ARNOIA;A18;ROSA CUBICA;0.00
ARNOIA;A64;ROSA VENTS;0.00
ARNOIA;116;ROSALJAI;0.00
ARNOIA;A35;ROSEL;0.00
ARNOIA;M73;ROSSELL;0.00
ARNOIA;101;ROUTLEDGE;0.00
ARNOIA;386;RUBIO;0.00
ARNOIA;I10;RUBRICA EDITORIAL;0.00
ARNOIA;H08;RUDOLF STEINER;0.00
ARNOIA;Y74;RUIZ DE ALOZA EDITORES (IBD);0.00
ARNOIA;H98;RUMBO SUR;0.00
ARNOIA;O25;RUNNING EXPRESS;0.00
ARNOIA;Q83;RUSTIKA EDICIONES;0.00
ARNOIA;Y60;SA EDITORA;0.00
ARNOIA;P15;SADIPAL;0.00
ARNOIA;B47;SAFEL (IBERSAF EDITORES);0.00
ARNOIA;P06;SAFTA;0.00
ARNOIA;889;SAGA EDITORIAL;0.00
ARNOIA;D36;SAGARMATA;0.00
ARNOIA;980;SAJALIN;0.00
ARNOIA;O94;SAKRILEG;0.00
ARNOIA;114;SALAMANDRA;0.00
ARNOIA;961;SALDAÑA;0.00
ARNOIA;471;SALDO;0.00
ARNOIA;I66;SALIX;0.00
ARNOIA;754;SALSA BOOKS;0.00
ARNOIA;B33;SALTERRAE;0.00
ARNOIA;568;SALTO DE PAGINA;0.00
ARNOIA;Y96;SALUD Y CIENCIA (IBD);0.00
ARNOIA;340;SALVAT;0.00
ARNOIA;C81;SALVATELLA;0.00
ARNOIA;P22;SAM;0.00
ARNOIA;O98;SAMIR;0.00
ARNOIA;R14;SAN ESTEBAN;0.00
ARNOIA;J51;SAN MILLAN DE LA COGOLLA;0.00
ARNOIA;M31;SAN ROMAN;0.00
ARNOIA;198;SANDOVAL EDICIONES;0.00
ARNOIA;I64;SANSY;0.00
ARNOIA;31;SANTILLANA;0.00
ARNOIA;418;SANTILLANA;0.00
ARNOIA;M48;SANTILLANA  -DIDIER;0.00
ARNOIA;Y86;SAPERE AUDE (IBD);0.00
ARNOIA;I54;SAPIENS;0.00
ARNOIA;H95;SARIÑENA EDITORIAL;0.00
ARNOIA;L93;SATORI EDICIONES;0.00
ARNOIA;G78;SAUNDERS;0.00
ARNOIA;871;SAYMON;0.00
ARNOIA;O52;SC LIBRO;0.00
ARNOIA;775;SCHOLASTIC;0.00
ARNOIA;K89;SCHOLASTIC;0.00
ARNOIA;D95;SCHOLASTIC SANTILLANA;0.00
ARNOIA;Q09;SCHUBERT  -VERLAG;0.00
ARNOIA;P28;SCOTCH;0.00
ARNOIA;P93;SCOTCH;0.00
ARNOIA;802;SCOTT;0.00
ARNOIA;L71;SD COMICS;0.00
ARNOIA;B25;SD EDICIONS;0.00
ARNOIA;234;SDM DE EDICIONES;0.00
ARNOIA;292;SEIX BARRAL EDICIONES;0.00
ARNOIA;A32;SEKOTIA;0.00
ARNOIA;K21;SELEER;0.00
ARNOIA;K20;SELF  -REALIZATION FELLOWSHIP;0.00
ARNOIA;O75;SELLERIO EDITORE;0.00
ARNOIA;A38;SELLO EDITORIAL;0.00
ARNOIA;P71;SELVI;0.00
ARNOIA;O72;SEMBRA LLIBRES;0.00
ARNOIA;I90;SENECA;0.00
ARNOIA;P67;SENFORT;0.00
ARNOIA;H03;SEPHA;0.00
ARNOIA;D03;SEPTEM EDICIONES;0.00
ARNOIA;A09;SEQUITUR;0.00
ARNOIA;474;SERBAL;0.00
ARNOIA;257;SERBAL;0.00
ARNOIA;L65;SERGIO JACQUE;0.00
ARNOIA;D91;SERONDA;0.00
ARNOIA;770;SERRES;0.00
ARNOIA;K26;SERVET;0.00
ARNOIA;O16;SETE MARES;0.00
ARNOIA;210;SEUIL;0.00
ARNOIA;M69;SEXTANTE EDITORA;0.00
ARNOIA;884;SEXTO PISO;0.00
ARNOIA;920;SGAE;0.00
ARNOIA;751;SGEL;0.00
ARNOIA;337;SHALOTT EDITORIAL;0.00
ARNOIA;L04;SHANGAI PEOPLE'S PUBLISING;0.00
ARNOIA;O41;SHOTWORDS TRANSMEDIA;0.00
ARNOIA;Y92;SHOTWORDS TRANSMEDIA (IBD);0.00
ARNOIA;K55;SI  -BEMOL;0.00
ARNOIA;314;SIAL EDICIONES S.L.;0.00
ARNOIA;I40;SIBERIA;0.00
ARNOIA;D47;SIBILA;0.00
ARNOIA;E69;SIDDHARTH METHA;0.00
ARNOIA;K77;SIGLO XXI;0.00
ARNOIA;262;SIGLO XXI EDITORES;0.00
ARNOIA;A87;SIGMA;0.00
ARNOIA;C29;SIGUEME;0.00
ARNOIA;J07;SILEX;0.00
ARNOIA;J85;SILVERCD;0.00
ARNOIA;282;SIMANCAS EDICIONES;0.00
ARNOIA;B26;SIMBOL EDITORS;0.00
ARNOIA;Q21;SINAIS DE FOGO;0.00
ARNOIA;Q18;SINCRONIA;0.00
ARNOIA;F34;SINGULAR EDICIONES;0.00
ARNOIA;449;SINSENTIDO;0.00
ARNOIA;C19;SINTESIS;0.00
ARNOIA;G52;SINTRA;0.00
ARNOIA;159;SIRIO EDITORIAL;0.00
ARNOIA;F38;SIRIUS;0.00
ARNOIA;E71;SIRPUS;0.00
ARNOIA;632;SIRUELA;0.00
ARNOIA;B74;SIRUELA;0.00
ARNOIA;619;SITES BOOKS;0.00
ARNOIA;A53;SKIRA;0.00
ARNOIA;L12;SLOPER;0.00
ARNOIA;J43;SMALL STATIONS PRESS;0.00
ARNOIA;239;SMARA EDICIONS;0.00
ARNOIA;M65;SND  -E;0.00
ARNOIA;L28;SNIPER BOOKS;0.00
ARNOIA;788;SOCIAL Y CULTURAL (ESC);0.00
ARNOIA;I31;SOCIEDAD DIDACTICA MUSICAL;0.00
ARNOIA;J33;SOCIETE BIBLIQUE GENEVE;0.00
ARNOIA;B99;SOMBRA;0.00
ARNOIA;L89;SOMBRAS;0.00
ARNOIA;562;SOMOSLIBROS;0.00
ARNOIA;P91;SONY;0.00
ARNOIA;O17;SOPA DE LETRAS;0.00
ARNOIA;669;SOPENA;0.00
ARNOIA;477;SOTELO BLANCO;0.00
ARNOIA;H29;SOTELO BLANCO;0.00
ARNOIA;104;SPHERE;0.00
ARNOIA;L94;ST.MARTIN´S TOR BOOKS GRIFFIN;0.00
ARNOIA;P62;STABILO;0.00
ARNOIA;P05;STAEDTLER;0.00
ARNOIA;14;STANLEY;0.00
ARNOIA;O22;STELLA MARIS;0.00
ARNOIA;C82;STERLING PUBLISHING;0.00
ARNOIA;E63;STONBERG;0.00
ARNOIA;H07;STONEWALL;0.00
ARNOIA;P35;STYB;0.00
ARNOIA;792;STYRIA;0.00
ARNOIA;677;SUDAMERICA;0.00
ARNOIA;Q15;SUFI;0.00
ARNOIA;550;SUHRKAMP;0.00
ARNOIA;604;SUMA DE LETRAS;0.00
ARNOIA;522;SUSAETA EDICIONES S.A;0.00
ARNOIA;557;SWING EDITORIAL;0.00
ARNOIA;361;T&B EDITORES;0.00
ARNOIA;409;T.P.;0.00
ARNOIA;I45;TABARCA;0.00
ARNOIA;G93;TAKATUKA;0.00
ARNOIA;F20;TALASA EDICIONES;0.00
ARNOIA;140;TALISMAN;0.00
ARNOIA;653;TALLER MAR;0.00
ARNOIA;805;TAMBRE  -EDELVIVES;0.00
ARNOIA;J44;TANDEM;0.00
ARNOIA;I05;TANDEM;0.00
ARNOIA;A88;TANDEM;0.00
ARNOIA;I99;TANDEM (VALENCIANO);0.00
ARNOIA;I73;TAO;0.00
ARNOIA;912;TASCHEN;0.00
ARNOIA;325;TAURUS;0.00
ARNOIA;L31;TEADUE;0.00
ARNOIA;F36;TEBAR;0.00
ARNOIA;F93;TEBAR MADRID;0.00
ARNOIA;O78;TECNICAS & GRAMAXE;0.00
ARNOIA;12;TECNOS;0.00
ARNOIA;J66;TELENO;0.00
ARNOIA;K48;TEMAS E DEBATES;0.00
ARNOIA;290;TEMAS HOY;0.00
ARNOIA;722;TEMPESTAD, SL  EDICIONES;0.00
ARNOIA;I82;TEMPORAE;0.00
ARNOIA;188;TEMPORE;0.00
ARNOIA;199;TEMPUS EDITORIAL;0.00
ARNOIA;D98;TENDENCIAS;0.00
ARNOIA;I59;TEOFILO;0.00
ARNOIA;E52;TERAPIAS VERDES;0.00
ARNOIA;355;TERCER NOMBRE EDITORIAL;0.00
ARNOIA;774;TERCIOPELO  -ATRIL;0.00
ARNOIA;P46;TESA TAPE, S.A.;0.00
ARNOIA;F85;TETI;0.00
ARNOIA;C31;TEXT;0.00
ARNOIA;M87;TEXTIVERSO;0.00
ARNOIA;K40;TEXTO EDITORES;0.00
ARNOIA;E10;TGP;0.00
ARNOIA;L86;THAMES & HUDSON;0.00
ARNOIA;O48;THE JAPAN TIMES;0.00
ARNOIA;X14;THINK ENJOY;0.00
ARNOIA;D14;THINKING GIFTS;0.00
ARNOIA;A05;THULE;0.00
ARNOIA;535;TIERRADENADIE EDICIONES;0.00
ARNOIA;27;TIKAL EDICIONES;0.00
ARNOIA;945;TILDE;0.00
ARNOIA;1;TIMUN MAS;0.00
ARNOIA;B59;TIMUN MAS (CATALAN);0.00
ARNOIA;C57;TIRANT LO BLANCH;0.00
ARNOIA;A14;TITANIA;0.00
ARNOIA;I88;TITANO;0.00
ARNOIA;O80;TITO FRESQUITO;0.00
ARNOIA;K06;TIVOLI;0.00
ARNOIA;113;TODO VINO;0.00
ARNOIA;J88;TOMBOOKTU;0.00
ARNOIA;P02;TOMBOW;0.00
ARNOIA;408;TOPKA;0.00
ARNOIA;P01;TORRASPAPEL;0.00
ARNOIA;704;TOXOSOUTOS, S.L.;0.00
ARNOIA;G85;TRABE;0.00
ARNOIA;123;TRAFICANTES DE SUEÑOS;0.00
ARNOIA;M05;TRAMUNTANA;0.00
ARNOIA;Q10;TRAPELLA BOOKS;0.00
ARNOIA;I27;TRASPIES;0.00
ARNOIA;147;TRAVEL BUG;0.00
ARNOIA;F27;TREA EDICIONES;0.00
ARNOIA;J30;TRES FRONTERAS;0.00
ARNOIA;B18;TRES I QUATRE;0.00
ARNOIA;207;TRES TIGRES;0.00
ARNOIA;Q60;TRES TIGRES TRISTES;0.00
ARNOIA;K86;TRIACASTELA;0.00
ARNOIA;723;TRIANGLE POSTALS;0.00
ARNOIA;H20;TRIBALDES;0.00
ARNOIA;O18;TRIBUNA DE HISTORIA;0.00
ARNOIA;C53;TRIFOLIUM;0.00
ARNOIA;C86;TRILLAS;0.00
ARNOIA;Q74;TRINITY COLLEGE LONDON;0.00
ARNOIA;G82;TRIQUETA VERDE;0.00
ARNOIA;J79;TRIS TRAM;0.00
ARNOIA;E01;TROMPA DE ELEFANTE;0.00
ARNOIA;268;TROPISMOS EDITORIAL (A);0.00
ARNOIA;B02;TROPO;0.00
ARNOIA;296;TROTTA EDITORIAL;0.00
ARNOIA;K08;TRUMBO;0.00
ARNOIA;C15;TSUNAMI  -SABAI;0.00
ARNOIA;62;TTARTTALO;0.00
ARNOIA;I24;TUINS;0.00
ARNOIA;H01;TUNDRA;0.00
ARNOIA;411;TURNER;0.00
ARNOIA;B78;TURPIAL;0.00
ARNOIA;O47;TURPIAL;0.00
ARNOIA;631;TUSQUETS;0.00
ARNOIA;B73;TUSQUETS;0.00
ARNOIA;376;TUTOR;0.00
ARNOIA;22;TXALAPARTA;0.00
ARNOIA;Y27;TXALAPARTA;0.00
ARNOIA;D62;TXE AYMAT;0.00
ARNOIA;444;TXERTOA;0.00
ARNOIA;E05;U ZARAGOZA;0.00
ARNOIA;712;UAB;0.00
ARNOIA;J12;UAB;0.00
ARNOIA;713;UBE;0.00
ARNOIA;571;ULLMANN;0.00
ARNOIA;M30;ULTIMA LINEA;0.00
ARNOIA;529;UMBRIEL;0.00
ARNOIA;P77;UMEC;0.00
ARNOIA;D73;UÑA ROTA;0.00
ARNOIA;O04;UNALUNA;0.00
ARNOIA;E29;UNED;0.00
ARNOIA;P20;UNI  -BALL;0.00
ARNOIA;K39;UNICAMP;0.00
ARNOIA;X04;UNICO;0.00
ARNOIA;C35;UNION EDITORIAL;0.00
ARNOIA;K65;UNION MUSICAL ESPAÑOLA;0.00
ARNOIA;P47;UNIPAPEL;0.00
ARNOIA;G07;UNIPEC;0.00
ARNOIA;F22;UNIV.ALCALA HENARES;0.00
ARNOIA;M20;UNIV.AUTONOMA DE BARCELONA;0.00
ARNOIA;F97;UNIV.CASTILLA  -MANCHA;0.00
ARNOIA;E83;UNIV.COMPLUTENSE MADRID;0.00
ARNOIA;E93;UNIV.DE EXTREMADURA;0.00
ARNOIA;E91;UNIV.DE OVIEDO;0.00
ARNOIA;E39;UNIV.EUROPEA MIGUEL CERVANTES;0.00
ARNOIA;E82;UNIV.LA LAGUNA;0.00
ARNOIA;E31;UNIV.PALMAS GRAN CANARIA;0.00
ARNOIA;727;UNIV.POLITECNICA VALEN;0.00
ARNOIA;364;UNIV.PONT.COMILLAS;0.00
ARNOIA;E57;UNIV.SALAMANCA;0.00
ARNOIA;761;UNIV.SANTIAGO COMPOSTELA;0.00
ARNOIA;771;UNIV.VALLADOLID;0.00
ARNOIA;E44;UNIVERSAD ALMERIA;0.00
ARNOIA;Q86;UNIVERSAL MUSIC MGB;0.00
ARNOIA;O50;UNIVERSE PUBLISHING;0.00
ARNOIA;Y07;UNIVERSIA LIBROS;0.00
ARNOIA;600;UNIVERSIDAD ALICANTE;0.00
ARNOIA;D04;UNIVERSIDAD CANTABRIA;0.00
ARNOIA;E86;UNIVERSIDAD DE CADIZ;0.00
ARNOIA;K27;UNIVERSIDAD DE CORDOBA;0.00
ARNOIA;K28;UNIVERSIDAD DE JAEN;0.00
ARNOIA;I16;UNIVERSIDAD DE LA RIOJA;0.00
ARNOIA;J04;UNIVERSIDAD DE MURCIA;0.00
ARNOIA;G17;UNIVERSIDAD DEUSTO;0.00
ARNOIA;732;UNIVERSIDAD GRANADA;0.00
ARNOIA;I36;UNIVERSIDAD JAUME I;0.00
ARNOIA;F45;UNIVERSIDAD JAUME I;0.00
ARNOIA;E34;UNIVERSIDAD MALAGA;0.00
ARNOIA;K12;UNIVERSIDAD POLITECNICA;0.00
ARNOIA;E38;UNIVERSIDAD SERVILLA;0.00
ARNOIA;R07;UNIVERSIDADE CATOLICA EDITORA;0.00
ARNOIA;M83;UNIVERSIDADE COIMBRA;0.00
ARNOIA;O21;UNIVERSIDADE CORUÑA;0.00
ARNOIA;Y42;UNIVERSIDADE DE VIGO;0.00
ARNOIA;Q34;UNIVERSIDADE DE VIGO;0.00
ARNOIA;Y43;UNIVERSIDADE FEDERAL DA BAHIA;0.00
ARNOIA;M80;UNIVERSIDADE LUSAIADA;0.00
ARNOIA;E28;UNIVERSITAS;0.00
ARNOIA;F21;UNIVERSITAT LLEIDA;0.00
ARNOIA;L70;UNIVERSITAT POLIT.CATALUNYA;0.00
ARNOIA;714;UNIVERSITAT VALENCIA;0.00
ARNOIA;Y70;UNIVERSO DOS LIVROS (IBD);0.00
ARNOIA;553;UOC EDITORIAL;0.00
ARNOIA;Y58;UPC;0.00
ARNOIA;250;URANO EDITORIAL;0.00
ARNOIA;621;URCO;0.00
ARNOIA;G21;URIEL;0.00
ARNOIA;Q25;URMO;0.00
ARNOIA;L15;URNAIA;0.00
ARNOIA;C13;USBORN;0.00
ARNOIA;D75;USBORNE;0.00
ARNOIA;630;USBORNE INGLES;0.00
ARNOIA;I30;USHUAIA EDICIONES;0.00
ARNOIA;309;VALDEMAR;0.00
ARNOIA;380;VALENCIANA;0.00
ARNOIA;B15;VALOR EDITIONS;0.00
ARNOIA;L14;VALPARAISO;0.00
ARNOIA;C20;VANIR;0.00
ARNOIA;796;VARIOS;0.00
ARNOIA;860;VARIOS;0.00
ARNOIA;J05;VASO ROTO;0.00
ARNOIA;H85;VAUGHAN;0.00
ARNOIA;R00;VEGA;0.00
ARNOIA;A30;VEINTISIETELETRAS;0.00
ARNOIA;G45;VEN Y TE LO CUENTO;0.00
ARNOIA;464;VERBIGRACIA EDITORIAL S.L.;0.00
ARNOIA;952;VERBO DIVINO;0.00
ARNOIA;857;VERBUM;0.00
ARNOIA;L16;VERDAGUER;0.00
ARNOIA;586;VERGARA;0.00
ARNOIA;388;VERSATIL EDICIONES;0.00
ARNOIA;B98;VERTICALES BOLSILLO;0.00
ARNOIA;E35;VERTICE;0.00
ARNOIA;B76;VESICA PISCIS;0.00
ARNOIA;Y20;VIAJANTE DO TEMPO;0.00
ARNOIA;37;VICENS VIVES;0.00
ARNOIA;K09;VICENT GARCIA;0.00
ARNOIA;352;VIEJO TOPO, EL;0.00
ARNOIA;B31;VIENA;0.00
ARNOIA;G36;VIGUERA;0.00
ARNOIA;L68;VILLACELI;0.00
ARNOIA;163;VINTAGE;0.00
ARNOIA;169;VIRAGO;0.00
ARNOIA;D53;VIRGILI RIFA FRANCESCA;0.00
ARNOIA;I46;VISION NET;0.00
ARNOIA;Y28;VISION NETWARE;0.00
ARNOIA;331;VISOR EDITORIAL;0.00
ARNOIA;B63;VITEL·LA EDICIONS;0.00
ARNOIA;I28;VITRUVIO EDICIONES;0.00
ARNOIA;C92;VIVE BIEN;0.00
ARNOIA;Q45;VIVELIBRO;0.00
ARNOIA;Q56;VIVIR BOOKS;0.00
ARNOIA;Q87;VOLIANA EDICIONS;0.00
ARNOIA;C52;VORAMAR;0.00
ARNOIA;B65;VORAMAR;0.00
ARNOIA;Y90;VOZ DE PAPEL (IBD);0.00
ARNOIA;Y94;WALDINA (IBD);0.00
ARNOIA;Q66;WALRUS;0.00
ARNOIA;M55;WANAFRICA;0.00
ARNOIA;D20;WANCEULEN;0.00
ARNOIA;B42;WHY WORRY, S.L.;0.00
ARNOIA;Q73;WILEY BLACKWELL;0.00
ARNOIA;YA7;WU HONGYING (IBD);0.00
ARNOIA;310;XERAIS;0.00
ARNOIA;Y11;XERAIS;0.00
ARNOIA;D96;XORDICA;0.00
ARNOIA;J47;XPLORA;0.00
ARNOIA;K33;XULIO LOPEZ VALCARCEL;0.00
ARNOIA;753;XUNTA DE GALICIA;0.00
ARNOIA;488;YALDE;0.00
ARNOIA;P76;YEBRA;0.00
ARNOIA;O64;YERMO EDICIONES;0.00
ARNOIA;567;YOYO;0.00
ARNOIA;O02;YULCA;0.00
ARNOIA;L66;ZAERA SILVAR;0.00
ARNOIA;J17;ZAHORIA DE IDEAS;0.00
ARNOIA;Y09;ZAMBON;0.00
ARNOIA;E25;ZAMBON EDICIONES;0.00
ARNOIA;H82;ZANICHELLI;0.00
ARNOIA;462;ZENITH;0.00
ARNOIA;D61;ZEPHYRUM;0.00
ARNOIA;353;ZETA BOLSILLO;0.00
ARNOIA;778;ZOUMA RECORDS;0.00
ARNOIA;O76;ZSOLNAY;0.00
ARNOIA;D21;ZUBIA;0.00
ARNOIA;B88;ZUMAQUE;0.00
ARNOIA;O36;ZUT EDICIONES;0.00
